transaction_id,order_id,customer_id,customer_email,transaction_timestamp,product_id,category,quantity,unit_price,payment_method,status
TXN-10001,ORD-50001,CUST-677,user_841@yahoo.com,2026-07-29 23:26:05,PROD-3593,Apparel,2.0,440.02,PayPal,Failed
TXN-10002,ORD-50002,,user_947@company.org,2026-07-27 17:29:23,PROD-5063,Books,6.0,458.38,Credit Card,Pending
TXN-10003,ORD-50003,CUST-407,user_612@outlook.com,2026-08-01 02:51:06,PROD-5783,Electronics,1.0,169.0,Debit Card,Completed
TXN-10004,ORD-50004,CUST-243,user_784@company.org,2026-08-01 04:09:05,PROD-3159,Sports,9.0,86.46,Debit Card,Failed
TXN-10005,ORD-50005,CUST-925,user_964@gmail.com,2026-07-27 22:05:28,PROD-2766,Books,6.0,473.1,Credit Card,Completed
TXN-10006,ORD-50006,CUST-778,user_744@outlook.com,2026-07-27 21:04:43,PROD-6889,Books,3.0,0.0,PayPal,Completed
TXN-10007,ORD-50007,CUST-360,user_577@yahoo.com,2026-07-30 02:42:26,PROD-3648,Apparel,6.0,105.83,Debit Card,Pending
TXN-10008,ORD-50008,CUST-994,user_481@gmail.com,2026-07-30 08:56:38,PROD-9294,Books,2.0,15.91,Debit Card,Pending
TXN-10009,ORD-50009,CUST-108,user_851@company.org,2026-07-26 13:01:33,PROD-6995,Apparel,4.0,38.2,Debit Card,Completed
TXN-10010,ORD-50010,CUST-246,user_257@company.org,2026-07-25 22:00:41,PROD-2595,Electronics,8.0,493.98,PayPal,Pending
TXN-10011,ORD-50011,CUST-986,user_869@gmail.com,2026-07-29 04:58:42,PROD-4227,Beauty,6.0,442.48,Debit Card,Failed
TXN-10012,ORD-50012,CUST-345,user_315@company.org,2026-08-01 06:25:16,PROD-9730,Sports,9.0,490.29,PayPal,Pending
TXN-10013,ORD-50013,CUST-647,user_609@gmail.com,2026-08-01 08:07:56,PROD-9943,Apparel,,73.93,PayPal,Pending
TXN-10014,ORD-50014,CUST-424,user_890@yahoo.com,2026-07-29 17:18:42,PROD-2682,Home & Kitchen,1.0,275.91,UPI,Completed
TXN-10015,ORD-50015,CUST-139,user_885@company.org,2026-08-01 07:49:26,PROD-1079,Sports,5.0,161.59,Debit Card,Completed
TXN-10016,ORD-50016,CUST-922,user_529@company.org,2026-07-28 08:23:45,PROD-6913,Beauty,8.0,,UPI,Failed
TXN-10017,ORD-50017,CUST-431,user_571@gmail.com,2026-07-28 10:18:53,PROD-2818,Home & Kitchen,3.0,444.64,Credit Card,Completed
TXN-10018,ORD-50018,CUST-557,user_587@company.org,2026-07-25 12:26:01,PROD-7707,Electronics,1.0,473.0,Debit Card,Pending
TXN-10019,ORD-50019,CUST-839,user_138@company.org,2026-07-29 04:52:06,PROD-3770,Sports,3.0,445.27,Debit Card,Failed
TXN-10020,ORD-50020,CUST-457,user_730@yahoo.com,2026-07-25 11:33:29,PROD-8854,Apparel,2.0,82.02,PayPal,Completed
TXN-10021,ORD-50021,CUST-228,user_441@outlook.com,2026-07-28 17:47:30,PROD-4782,Electronics,10.0,175.97,Credit Card,Failed
TXN-10022,ORD-50022,CUST-494,user_268@company.org,2026-07-26 16:01:41,PROD-1989,Sports,2.0,40.53,UPI,Pending
TXN-10023,ORD-50023,CUST-471,user_857@outlook.com,2026-07-29 15:36:01,PROD-4350,Electronics,-4.0,400.6,Debit Card,Pending
TXN-10024,ORD-50024,CUST-371,user_519gmail.com,2026-07-29 20:51:23,PROD-7068,Electronics,4.0,399.5,Debit Card,Completed
TXN-10025,ORD-50025,CUST-210,user_303@outlook.com,2026-07-28 22:00:42,PROD-1102,Books,5.0,429.84,PayPal,Failed
TXN-10026,ORD-50026,CUST-952,user_760@gmail.com,2026-07-27 12:09:40,PROD-5610,Sports,-1.0,139.19,PayPal,Completed
TXN-10027,ORD-50027,CUST-985,user_407@gmail.com,2026-07-27 14:02:11,PROD-1304,Home & Kitchen,6.0,233.78,PayPal,Pending
TXN-10028,ORD-50028,CUST-552,user_756@outlook.com,2026-07-28 10:20:42,PROD-9430,Apparel,4.0,380.96,PayPal,Failed
TXN-10029,ORD-50029,CUST-795,user_814@gmail.com,2026-07-28 01:59:42,PROD-5942,Books,8.0,390.58,Debit Card,Completed
TXN-10030,ORD-50030,CUST-103,user_402@company.org,2026-08-01 01:09:27,PROD-9305,Home & Kitchen,9.0,121.38,PayPal,Pending
TXN-10031,ORD-50031,CUST-398,user_657@outlook.com,2026-07-26 12:14:18,PROD-8215,Electronics,,31.61,Credit Card,Completed
TXN-10032,ORD-50032,CUST-177,user_691@company.org,2026-07-31 10:10:16,PROD-1121,Home & Kitchen,8.0,14.27,PayPal,Pending
TXN-10033,ORD-50033,CUST-613,user_815@company.org,2026-07-30 05:42:38,PROD-7932,Electronics,6.0,78.44,Credit Card,Pending
TXN-10034,ORD-50034,CUST-273,user_399@outlook.com,2026-07-26 04:29:00,PROD-5124,Home & Kitchen,7.0,281.16,UPI,Completed
TXN-10035,ORD-50035,CUST-199,user_816@company.org,2026-07-27 20:46:11,PROD-6055,Home & Kitchen,9.0,285.16,PayPal,Failed
TXN-10036,ORD-50036,CUST-168,user_597@company.org,2026-08-01 05:10:12,PROD-2386,Beauty,4.0,85.05,Debit Card,Pending
TXN-10037,ORD-50037,CUST-753,user_322@yahoo.com,2026-07-27 12:35:29,PROD-2107,Beauty,6.0,0.0,Debit Card,Failed
TXN-10038,ORD-50038,CUST-238,user_870@company.org,2026-07-29 00:50:54,PROD-8418,Home & Kitchen,10.0,398.78,Debit Card,Pending
TXN-10039,ORD-50039,CUST-248,user_961@yahoo.com,2026-07-27 20:32:37,PROD-2814,Electronics,8.0,243.13,UPI,Completed
TXN-10040,ORD-50040,CUST-141,user_219@gmail.com,2026-07-30 07:00:00,PROD-5781,Apparel,10.0,337.8,PayPal,Failed
TXN-10041,ORD-50041,CUST-251,user_235@outlook.com,2026-07-26 03:47:22,PROD-8021,Sports,8.0,262.2,Debit Card,Completed
TXN-10042,ORD-50042,CUST-454,user_405@yahoo.com,2026-07-29 13:53:25,PROD-8671,Home & Kitchen,9.0,342.13,Credit Card,Failed
TXN-10043,ORD-50043,CUST-453,user_112@yahoo.com,2026-07-26 13:11:48,PROD-1763,Beauty,10.0,19.04,UPI,Failed
TXN-10044,ORD-50044,CUST-659,user_561@outlook.com,2026-07-26 03:32:04,PROD-3971,Beauty,-1.0,93.93,Debit Card,Failed
TXN-10045,ORD-50045,CUST-240,user_608@company.org,2026-07-31 14:30:44,PROD-5186,Apparel,5.0,245.93,Debit Card,Pending
TXN-10046,ORD-50046,CUST-884,user_435@yahoo.com,2026-07-30 22:13:23,PROD-9131,Home & Kitchen,9.0,18.88,UPI,Completed
TXN-10047,ORD-50047,CUST-170,user_250@yahoo.com,2026-07-29 09:04:03,PROD-3833,Electronics,1.0,7.97,Debit Card,Completed
TXN-10048,ORD-50048,CUST-365,user_274@gmail.com,2026-08-01 08:09:19,PROD-1490,Apparel,7.0,486.28,Debit Card,Pending
TXN-10049,ORD-50049,CUST-615,user_501@company.org,2026-07-31 04:51:28,PROD-5117,Home & Kitchen,3.0,285.01,PayPal,Pending
TXN-10050,ORD-50050,CUST-786,user_258@company.org,2026-07-27 11:18:23,PROD-7631,Apparel,4.0,51.59,PayPal,Pending
TXN-10051,ORD-50051,CUST-738,user_543@yahoo.com,2026-07-31 19:58:13,PROD-8213,Apparel,1.0,450.13,Credit Card,Failed
TXN-10052,ORD-50052,CUST-711,user_516@company.org,2026-07-31 10:34:48,PROD-2055,Apparel,5.0,,PayPal,Failed
TXN-10053,ORD-50053,CUST-159,user_938@outlook.com,2026-07-31 18:04:46,PROD-8057,Apparel,5.0,31.09,Credit Card,Completed
TXN-10054,ORD-50054,CUST-139,user_387@yahoo.com,2026-08-01 08:43:39,PROD-5605,Home & Kitchen,3.0,221.69,UPI,Failed
TXN-10055,ORD-50055,CUST-273,user_260@company.org,2026-07-27 13:32:24,PROD-4400,Beauty,9.0,301.82,Debit Card,Pending
TXN-10056,ORD-50056,CUST-312,user_463@company.org,2026-07-27 12:29:48,PROD-3228,Electronics,9.0,-45.33,PayPal,Pending
TXN-10057,ORD-50057,CUST-779,user_698@company.org,2026-07-29 20:27:21,PROD-8466,Beauty,6.0,354.31,UPI,Completed
TXN-10058,ORD-50058,CUST-426,user_643@outlook.com,2026-07-29 11:16:14,PROD-8469,Beauty,7.0,467.96,Credit Card,Completed
TXN-10059,ORD-50059,CUST-984,user_629@company.org,2026-07-31 08:09:58,PROD-3433,Home & Kitchen,2.0,384.8,UPI,Failed
TXN-10060,ORD-50060,CUST-309,user_824@yahoo.com,2026-07-26 21:06:56,PROD-3697,Sports,2.0,313.54,PayPal,Completed
TXN-10061,ORD-50028,CUST-845,user_981@outlook.com,2026-07-27 00:16:53,PROD-6977,Sports,6.0,172.13,Credit Card,Failed
TXN-10062,ORD-50062,CUST-971,user_344@company.org,2026-07-25 17:01:34,PROD-9012,Beauty,9.0,413.77,UPI,Completed
TXN-10063,ORD-50063,CUST-143,user_271@yahoo.com,2026-07-29 08:17:16,PROD-9169,Home & Kitchen,4.0,98.05,UPI,Completed
TXN-10064,ORD-50064,CUST-462,user_535@gmail.com,2026-07-30 11:37:56,PROD-6849,Books,5.0,145.57,Debit Card,Completed
TXN-10065,ORD-50065,CUST-257,user_704@gmail.com,2026-07-28 22:37:07,PROD-5228,Books,10.0,353.92,Debit Card,Completed
TXN-10066,ORD-50066,CUST-109,user_535@outlook.com,2026-07-29 21:28:06,PROD-2940,Apparel,5.0,173.95,Credit Card,Pending
TXN-10067,ORD-50067,,user_890@outlook.com,2026-07-28 23:24:32,PROD-3707,Apparel,4.0,23.34,Debit Card,Pending
TXN-10068,ORD-50068,CUST-562,user_601@yahoo.com,2026-07-30 13:58:33,PROD-4741,Books,0.0,437.42,Credit Card,Pending
TXN-10069,ORD-50069,CUST-757,user_449@company.org,2026-08-01 06:45:07,PROD-4428,Home & Kitchen,6.0,19.78,Debit Card,Completed
TXN-10070,ORD-50070,CUST-512,user_798@company.org,2026-07-29 15:19:40,PROD-2101,Books,3.0,53.27,Credit Card,Completed
TXN-10071,ORD-50071,CUST-858,user_923@company.org,2026-07-27 11:06:58,PROD-1453,Beauty,6.0,407.04,UPI,Completed
TXN-10072,ORD-50072,CUST-748,user_752@outlook.com,2026-07-29 22:02:15,PROD-6463,Books,0.0,246.45,PayPal,Pending
TXN-10073,ORD-50073,CUST-133,user_178@company.org,2026-07-27 00:23:04,PROD-8339,Sports,6.0,468.01,UPI,Pending
TXN-10074,ORD-50074,CUST-523,user_100@outlook.com,2026-07-29 04:16:31,PROD-9597,Beauty,10.0,144.41,Credit Card,Failed
TXN-10075,ORD-50075,CUST-397,user_120@company.org,2026-07-26 21:59:04,PROD-5134,Beauty,2.0,172.3,Credit Card,Failed
TXN-10076,ORD-50076,,user_588@gmail.com,2026-07-26 11:43:34,PROD-8783,Books,6.0,8.03,Credit Card,Completed
TXN-10077,ORD-50077,CUST-695,user_208@company.org,2026-07-30 14:59:08,PROD-3251,Sports,,334.83,UPI,Completed
TXN-10078,ORD-50078,CUST-585,user_792@yahoo.com,2026-07-29 01:33:32,PROD-1699,Sports,6.0,456.97,UPI,Failed
TXN-10079,ORD-50079,CUST-167,user_896@company.org,2026-07-30 13:43:23,PROD-9411,Sports,9.0,14.42,Debit Card,Failed
TXN-10080,ORD-50080,CUST-115,user_884@yahoo.com,2026-07-25 23:28:12,PROD-9138,Sports,-2.0,334.29,PayPal,Completed
TXN-10081,ORD-50081,CUST-746,user_491@outlook.com,2026-07-31 18:35:09,PROD-7109,Home & Kitchen,10.0,57.21,Debit Card,Pending
TXN-10082,ORD-50082,CUST-588,user_794@yahoo.com,2026-07-31 16:44:02,PROD-7662,Beauty,1.0,164.22,Credit Card,Completed
TXN-10083,ORD-50083,CUST-606,user_251@outlook.com,2026-07-30 07:47:11,PROD-5788,Books,9.0,153.82,PayPal,Completed
TXN-10084,ORD-50084,CUST-702,user_180@company.org,2026-07-29 11:26:23,PROD-9247,Sports,6.0,291.66,Credit Card,Pending
TXN-10085,ORD-50085,CUST-194,user_871@company.org,2026-07-28 02:03:45,PROD-8794,Electronics,4.0,346.59,UPI,Pending
TXN-10086,ORD-50054,CUST-460,user_910@outlook.com,2026-07-29 19:34:47,PROD-5534,Books,8.0,92.38,Debit Card,Pending
TXN-10087,ORD-50087,CUST-736,user_216@gmail.com,2026-07-27 05:39:58,PROD-8504,Electronics,1.0,184.01,Credit Card,Pending
TXN-10088,ORD-50088,CUST-924,user_633@outlook.com,2026-07-27 09:42:13,PROD-3930,Apparel,-2.0,37.83,UPI,Completed
TXN-10089,ORD-50089,CUST-267,user_723@company.org,2026-07-26 19:57:13,PROD-7577,Beauty,6.0,,UPI,Completed
TXN-10090,ORD-50090,CUST-367,user_193@outlook.com,2026-07-26 13:06:51,PROD-9375,Sports,7.0,252.0,UPI,Failed
TXN-10091,ORD-50091,CUST-181,user_341@company.org,2026-07-29 09:15:56,PROD-8999,Apparel,7.0,361.49,Credit Card,Pending
TXN-10092,ORD-50092,CUST-718,user_732@yahoo.com,2026-07-28 12:02:58,PROD-3543,Apparel,2.0,131.88,UPI,Completed
TXN-10093,ORD-50093,CUST-857,user_442@company.org,2026-07-26 16:13:08,PROD-9731,Electronics,5.0,378.88,UPI,Failed
TXN-10094,ORD-50094,CUST-927,user_301@yahoo.com,2026-07-25 12:39:00,PROD-7893,Sports,6.0,427.04,PayPal,Pending
TXN-10095,ORD-50095,CUST-634,user_901@gmail,2026-08-01 06:00:31,PROD-6706,Sports,3.0,94.18,PayPal,Completed
TXN-10096,ORD-50096,CUST-948,user_742@gmail.com,2026-07-27 02:56:37,PROD-9708,Electronics,-4.0,460.8,PayPal,Failed
TXN-10097,ORD-50097,CUST-608,user_671@gmail.com,2026-07-26 21:13:02,PROD-4164,Home & Kitchen,1.0,121.14,Debit Card,Pending
TXN-10098,ORD-50098,CUST-301,user_107@yahoo.com,2026-07-25 10:15:37,PROD-4077,Electronics,2.0,438.31,Debit Card,Completed
TXN-10099,ORD-50099,CUST-533,user_568@outlook.com,2026-07-30 15:34:48,PROD-5520,Sports,9.0,77.72,PayPal,Pending
TXN-10100,ORD-50100,CUST-605,user_941@yahoo.com,2026-07-31 01:01:17,PROD-7588,Home & Kitchen,3.0,226.32,Credit Card,Completed
TXN-10101,ORD-50101,CUST-354,user_637@company.org,2026-07-30 07:47:49,PROD-9143,Apparel,1.0,13.27,PayPal,Failed
TXN-10102,ORD-50038,CUST-302,user_715@yahoo.com,2026-07-28 02:37:18,PROD-3705,Sports,6.0,275.73,Credit Card,Completed
TXN-10103,ORD-50103,CUST-358,user_781@company.org,2026-07-26 14:41:19,PROD-1665,Apparel,8.0,48.46,Credit Card,Failed
TXN-10104,ORD-50104,CUST-672,user_486gmail.com,2026-07-26 17:12:40,PROD-6779,Books,4.0,67.28,Debit Card,Failed
TXN-10105,ORD-50105,CUST-920,user_950@gmail.com,2026-07-27 08:14:36,PROD-6602,Sports,1.0,33.39,PayPal,Failed
TXN-10106,ORD-50106,CUST-195,user_961@yahoo.com,2026-07-31 16:28:56,PROD-2038,Sports,9.0,174.25,Debit Card,Completed
TXN-10107,ORD-50107,CUST-200,user_303@company.org,2026-07-29 05:34:47,PROD-9867,Home & Kitchen,2.0,353.45,Credit Card,Completed
TXN-10108,ORD-50108,CUST-590,user_642@gmail.com,2026-07-29 18:29:28,PROD-4258,Sports,5.0,0.0,Debit Card,Pending
TXN-10109,ORD-50109,CUST-871,user_610@gmail.com,2026-07-25 21:32:29,PROD-6271,Electronics,1.0,462.33,PayPal,Pending
TXN-10110,ORD-50110,CUST-207,user_376@gmail.com,2026-07-25 14:13:49,PROD-9725,Electronics,1.0,165.06,PayPal,Pending
TXN-10111,ORD-50111,CUST-825,user_877@yahoo.com,2026-07-30 11:11:46,PROD-3542,Electronics,6.0,0.0,Credit Card,Failed
TXN-10112,ORD-50112,CUST-486,user_361@outlook.com,2026-07-27 11:36:15,PROD-5620,Books,9.0,469.62,Debit Card,Completed
TXN-10113,ORD-50113,CUST-327,user_241@company.org,2026-07-26 04:00:09,PROD-1589,Apparel,5.0,499.95,PayPal,Completed
TXN-10114,ORD-50114,CUST-554,user_668@gmail.com,2026-07-30 09:32:27,PROD-2765,Home & Kitchen,10.0,238.71,PayPal,Completed
TXN-10115,ORD-50115,CUST-157,user_986@company.org,2026-07-27 12:42:50,PROD-2232,Books,2.0,497.43,Debit Card,Pending
TXN-10116,ORD-50116,CUST-351,user_809@company.org,2026-07-26 00:52:19,PROD-8204,Apparel,5.0,45.14,PayPal,Pending
TXN-10117,ORD-50117,CUST-425,user_795gmail.com,2026-07-26 23:39:19,PROD-9986,Electronics,7.0,388.64,Debit Card,Pending
TXN-10118,ORD-50118,CUST-813,user_371@outlook.com,2026-07-26 21:14:52,PROD-5128,Electronics,3.0,22.79,Debit Card,Pending
TXN-10119,ORD-50119,CUST-537,user_521@yahoo.com,2026-07-30 13:55:55,PROD-3895,Electronics,-5.0,315.28,Credit Card,Pending
TXN-10120,ORD-50120,CUST-127,user_888@outlook.com,2026-07-26 01:10:51,PROD-7099,Home & Kitchen,10.0,373.38,Debit Card,Pending
TXN-10121,ORD-50121,CUST-128,user_138@outlook.com,2026-07-31 00:33:17,PROD-1123,Electronics,3.0,313.85,Debit Card,Completed
TXN-10122,ORD-50122,CUST-879,user_101@gmail.com,2026-07-30 05:59:33,PROD-4823,Electronics,8.0,434.75,PayPal,Completed
TXN-10123,ORD-50123,CUST-582,user_337@outlook.com,2026-07-30 21:25:07,PROD-6970,Apparel,7.0,312.21,UPI,Completed
TXN-10124,ORD-50124,CUST-273,user_452gmail.com,2026-07-28 21:28:21,PROD-8540,Books,6.0,286.63,PayPal,Pending
TXN-10125,ORD-50125,CUST-993,user_874@gmail.com,2026-07-25 21:55:50,PROD-1665,Books,10.0,437.18,Debit Card,Pending
TXN-10126,ORD-50126,CUST-985,user_788@gmail.com,2026-07-26 19:24:14,PROD-9224,Home & Kitchen,1.0,0.0,UPI,Completed
TXN-10127,ORD-50127,CUST-330,user_129@outlook.com,2026-07-25 23:45:00,PROD-6280,Books,8.0,236.53,Debit Card,Failed
TXN-10128,ORD-50128,CUST-505,user_736@gmail.com,2026-07-26 08:17:56,PROD-4458,Home & Kitchen,2.0,202.02,PayPal,Completed
TXN-10129,ORD-50129,CUST-909,user_756@gmail.com,2027-05-01 16:25:04,PROD-2232,Books,7.0,180.33,UPI,Pending
TXN-10130,ORD-50130,CUST-837,user_287@outlook.com,2026-07-28 12:55:18,PROD-7175,Sports,8.0,341.79,UPI,Completed
TXN-10131,ORD-50131,CUST-456,user_146@gmail.com,2026-07-29 04:52:40,PROD-4173,Home & Kitchen,9.0,351.75,PayPal,Completed
TXN-10132,ORD-50132,CUST-560,user_807@gmail.com,2026-07-31 10:34:12,PROD-7216,Books,5.0,7.13,Debit Card,Completed
TXN-10133,ORD-50133,CUST-615,user_115@outlook.com,2026-07-31 11:38:31,PROD-9144,Apparel,2.0,237.11,Debit Card,Pending
TXN-10134,ORD-50134,CUST-410,user_569@outlook.com,2026-07-28 06:15:20,PROD-1352,Home & Kitchen,4.0,194.79,UPI,Failed
TXN-10135,ORD-50135,CUST-702,user_868@gmail.com,2026-07-26 06:34:16,PROD-8154,Apparel,5.0,25.3,Credit Card,Completed
TXN-10136,ORD-50136,CUST-184,user_639@outlook.com,2026-07-26 12:02:03,PROD-5773,Home & Kitchen,7.0,215.41,UPI,Pending
TXN-10137,ORD-50137,CUST-567,user_701@company.org,2026-07-29 18:24:30,PROD-5301,Sports,10.0,380.04,Debit Card,Pending
TXN-10138,ORD-50138,CUST-119,user_117@gmail.com,2026-07-30 05:16:53,PROD-9391,Home & Kitchen,0.0,123.73,UPI,Pending
TXN-10139,ORD-50139,CUST-816,user_768@company.org,2026-07-26 12:11:44,PROD-5500,Sports,2.0,112.43,UPI,Pending
TXN-10140,ORD-50140,CUST-477,user_906@yahoo.com,2026-07-30 21:00:56,PROD-5158,Books,8.0,366.55,Credit Card,Failed
TXN-10141,ORD-50141,CUST-191,user_848@yahoo.com,2026-07-25 22:45:38,PROD-5941,Beauty,9.0,136.42,Credit Card,Failed
TXN-10142,ORD-50142,CUST-681,user_546@gmail.com,2026-07-31 12:18:02,PROD-2798,Electronics,10.0,273.13,Debit Card,Failed
TXN-10143,ORD-50143,CUST-562,user_246@outlook.com,2026-07-27 09:18:17,PROD-4186,Home & Kitchen,,366.79,UPI,Failed
TXN-10144,ORD-50144,CUST-751,user_855@gmail.com,2026-07-31 20:23:19,PROD-1918,Books,10.0,400.68,Credit Card,Completed
TXN-10145,ORD-50145,CUST-112,user_682@gmail.com,2026-07-25 20:17:32,PROD-1095,Beauty,9.0,418.43,UPI,Completed
TXN-10146,ORD-50146,CUST-828,user_818@yahoo.com,2026-07-26 17:39:41,PROD-1446,Sports,3.0,31.87,UPI,Failed
TXN-10147,ORD-50137,CUST-627,user_897@gmail.com,2026-08-01 01:35:59,PROD-3652,Electronics,10.0,68.29,UPI,Failed
TXN-10148,ORD-50148,CUST-180,user_792@yahoo.com,2026-07-30 21:27:58,PROD-6676,Books,1.0,343.85,UPI,Failed
TXN-10149,ORD-50149,CUST-100,user_623@company.org,2026-07-28 03:08:57,PROD-4709,Home & Kitchen,6.0,126.47,Credit Card,Completed
TXN-10150,ORD-50150,CUST-117,user_643@company.org,2026-07-25 23:06:40,PROD-8710,Books,9.0,348.15,PayPal,Pending
TXN-10151,ORD-50151,CUST-415,user_953@gmail.com,2027-02-21 16:25:04,PROD-9375,Beauty,4.0,223.76,Debit Card,Pending
TXN-10152,ORD-50152,CUST-178,user_935@company.org,2026-08-01 00:55:57,PROD-9410,Home & Kitchen,10.0,73.42,Credit Card,Failed
TXN-10153,ORD-50153,CUST-579,user_817@gmail.com,2026-07-29 19:39:36,PROD-7261,Apparel,9.0,339.22,PayPal,Failed
TXN-10154,ORD-50154,CUST-874,user_982@company.org,2026-07-25 11:33:49,PROD-5474,Home & Kitchen,2.0,108.73,UPI,Completed
TXN-10155,ORD-50155,CUST-612,user_563@outlook.com,2026-07-26 23:00:16,PROD-6284,Beauty,9.0,223.58,Credit Card,Failed
TXN-10156,ORD-50156,CUST-978,user_803@company.org,2026-07-29 12:50:42,PROD-1271,Apparel,10.0,424.96,Credit Card,Completed
TXN-10157,ORD-50157,CUST-544,user_108@yahoo.com,2026-08-01 07:55:51,PROD-1697,Sports,5.0,394.69,UPI,Failed
TXN-10158,ORD-50158,CUST-834,user_705gmail.com,2026-07-27 10:27:31,PROD-7977,Sports,8.0,149.94,UPI,Completed
TXN-10159,ORD-50159,CUST-705,user_899@yahoo.com,2026-07-31 02:13:32,PROD-1124,Apparel,10.0,402.05,PayPal,Failed
TXN-10160,ORD-50160,CUST-128,user_265@yahoo.com,2026-07-28 01:25:25,PROD-3285,Home & Kitchen,4.0,457.23,UPI,Failed
TXN-10161,ORD-50161,CUST-396,user_634@gmail.com,2026-07-28 17:48:36,PROD-3449,Apparel,8.0,30.47,PayPal,Pending
TXN-10162,ORD-50162,CUST-388,user_991@yahoo.com,2026-07-29 12:56:10,PROD-2589,Apparel,9.0,410.88,Credit Card,Failed
TXN-10163,ORD-50163,CUST-688,user_775@gmail.com,2026-07-28 03:15:00,PROD-4317,Beauty,10.0,336.39,UPI,Failed
TXN-10164,ORD-50164,CUST-136,user_990@gmail.com,2026-07-26 23:37:05,PROD-2358,Sports,3.0,69.88,PayPal,Failed
TXN-10165,ORD-50165,CUST-813,user_674@gmail.com,2026-07-29 16:23:35,PROD-6882,Books,8.0,150.05,UPI,Completed
TXN-10166,ORD-50166,CUST-471,user_293@company.org,2026-07-31 15:27:48,PROD-3683,Apparel,4.0,-149.22,PayPal,Failed
TXN-10167,ORD-50167,CUST-125,user_368@yahoo.com,2026-07-26 02:40:50,PROD-9176,Electronics,6.0,0.0,Debit Card,Pending
TXN-10168,ORD-50168,CUST-189,user_167gmail.com,2026-07-27 19:24:13,PROD-4980,Books,5.0,270.21,Debit Card,Pending
TXN-10169,ORD-50169,CUST-356,user_281@yahoo.com,2026-07-27 04:25:31,PROD-8849,Sports,1.0,5.69,PayPal,Completed
TXN-10170,ORD-50170,CUST-341,user_811@yahoo.com,2026-07-27 12:27:35,PROD-8495,Home & Kitchen,10.0,50.01,Debit Card,Failed
TXN-10171,ORD-50171,CUST-779,user_194@outlook.com,2026-07-30 00:21:13,PROD-8956,Beauty,4.0,155.76,UPI,Pending
TXN-10172,ORD-50172,CUST-388,user_779@yahoo.com,2026-07-25 18:11:54,PROD-5861,Home & Kitchen,8.0,,Debit Card,Failed
TXN-10173,ORD-50173,CUST-141,user_820@gmail.com,2026-08-01 05:59:36,PROD-7186,Books,10.0,372.88,Credit Card,Pending
TXN-10174,ORD-50174,CUST-957,user_214@gmail,2026-07-28 03:31:41,PROD-4510,Beauty,10.0,203.92,Credit Card,Pending
TXN-10175,ORD-50175,CUST-357,user_901@company.org,2026-07-31 03:51:18,PROD-2610,Electronics,7.0,185.92,Credit Card,Failed
TXN-10176,ORD-50176,CUST-248,user_176@yahoo.com,2026-07-30 23:18:03,PROD-5334,Electronics,2.0,29.86,Debit Card,Failed
TXN-10177,ORD-50177,CUST-158,user_296@outlook.com,2026-08-01 00:37:04,PROD-8548,Sports,1.0,227.36,Credit Card,Failed
TXN-10178,ORD-50178,CUST-212,user_225@yahoo.com,2026-07-31 09:57:49,PROD-2831,Books,1.0,48.83,PayPal,Pending
TXN-10179,ORD-50179,CUST-481,user_591@outlook.com,2026-07-30 09:15:47,PROD-1830,Sports,8.0,408.27,Debit Card,Completed
TXN-10180,ORD-50180,CUST-709,user_109@yahoo.com,2026-07-27 13:11:03,PROD-7761,Electronics,2.0,-39.01,PayPal,Pending
TXN-10181,ORD-50181,CUST-666,user_220@gmail.com,2026-07-29 17:20:58,PROD-6337,Beauty,4.0,75.75,UPI,Failed
TXN-10182,ORD-50182,CUST-112,user_205@company.org,2026-08-01 02:49:33,PROD-4063,Beauty,6.0,484.81,Debit Card,Completed
TXN-10183,ORD-50183,CUST-680,user_488@gmail.com,2026-07-31 21:40:54,PROD-4022,Sports,8.0,7.66,UPI,Pending
TXN-10184,ORD-50184,,user_544@gmail.com,2026-07-30 10:00:49,PROD-9013,Beauty,10.0,401.36,Credit Card,Failed
TXN-10185,ORD-50185,CUST-319,user_665@yahoo.com,2026-07-28 06:20:09,PROD-2678,Electronics,5.0,77.91,PayPal,Failed
TXN-10186,ORD-50186,CUST-117,user_460@outlook.com,2026-07-25 12:23:26,PROD-5619,Home & Kitchen,3.0,188.14,Debit Card,Pending
TXN-10187,ORD-50187,CUST-704,user_691@outlook.com,2026-07-30 07:29:24,PROD-5980,Sports,,193.85,PayPal,Pending
TXN-10188,ORD-50188,CUST-292,user_611@gmail.com,2026-07-28 12:17:23,PROD-7855,Electronics,2.0,408.03,UPI,Pending
TXN-10189,ORD-50189,CUST-673,user_966@gmail.com,2026-07-28 12:16:09,PROD-2532,Electronics,8.0,148.16,UPI,Completed
TXN-10190,ORD-50190,CUST-991,user_235@gmail.com,2026-07-30 23:37:56,PROD-1085,Beauty,4.0,254.94,PayPal,Failed
TXN-10191,ORD-50191,CUST-757,user_935@company.org,2026-07-25 16:14:56,PROD-2852,Beauty,10.0,80.78,UPI,Completed
TXN-10192,ORD-50192,CUST-834,user_405@outlook.com,2026-07-29 11:19:36,PROD-5805,Books,,186.02,Credit Card,Pending
TXN-10193,ORD-50193,CUST-693,user_883@gmail.com,2027-04-04 16:25:04,PROD-4525,Apparel,5.0,86.78,UPI,Completed
TXN-10194,ORD-50194,CUST-319,user_296@gmail.com,2026-07-26 20:21:51,PROD-8263,Books,2.0,,Debit Card,Pending
TXN-10195,ORD-50195,CUST-134,user_633@gmail.com,2026-07-29 20:40:40,PROD-3428,Sports,6.0,29.37,Debit Card,Completed
TXN-10196,ORD-50196,CUST-669,user_886@gmail.com,2026-07-28 15:18:22,PROD-6375,Apparel,2.0,261.34,Debit Card,Pending
TXN-10197,ORD-50197,CUST-585,user_406@company.org,2026-07-29 19:50:57,PROD-1399,Beauty,3.0,71.8,Debit Card,Failed
TXN-10198,ORD-50198,CUST-415,user_588@gmail.com,2026-07-30 02:46:02,PROD-8296,Books,-1.0,393.22,UPI,Pending
TXN-10199,ORD-50199,CUST-208,user_183@yahoo.com,2026-07-30 23:24:28,PROD-5761,Books,4.0,443.76,UPI,Completed
TXN-10200,ORD-50200,CUST-369,user_617@company.org,2026-07-26 14:01:14,PROD-6813,Electronics,5.0,87.13,Debit Card,Completed
TXN-10201,ORD-50201,CUST-655,user_442@company.org,2026-07-26 21:36:55,PROD-7019,Apparel,3.0,17.9,PayPal,Completed
TXN-10202,ORD-50202,CUST-892,user_510@yahoo.com,2026-07-28 10:22:38,PROD-8158,Sports,1.0,132.69,PayPal,Failed
TXN-10203,ORD-50203,CUST-390,user_957@yahoo.com,2026-07-30 00:42:57,PROD-5422,Apparel,1.0,173.31,UPI,Failed
TXN-10204,ORD-50204,CUST-486,user_234@company.org,2026-07-29 14:23:00,PROD-2797,Apparel,3.0,225.3,UPI,Completed
TXN-10205,ORD-50205,CUST-238,user_181@gmail.com,2026-07-29 14:38:25,PROD-6927,Apparel,8.0,21.36,UPI,Failed
TXN-10206,ORD-50206,CUST-719,user_973@yahoo.com,2026-07-31 19:58:17,PROD-9864,Beauty,10.0,71.88,Debit Card,Pending
TXN-10207,ORD-50207,CUST-809,user_368@outlook.com,2026-07-26 22:01:59,PROD-4247,Home & Kitchen,1.0,316.1,PayPal,Failed
TXN-10208,ORD-50208,CUST-245,user_461@yahoo.com,2026-08-01 06:26:24,PROD-6670,Apparel,3.0,390.22,Debit Card,Pending
TXN-10209,ORD-50209,CUST-760,user_693@yahoo.com,2026-07-27 02:06:53,PROD-4445,Books,,139.52,PayPal,Failed
TXN-10210,ORD-50210,CUST-647,user_796@outlook.com,2026-07-26 05:53:40,PROD-4422,Books,3.0,312.22,Credit Card,Completed
TXN-10211,ORD-50211,CUST-707,user_401@company.org,2026-07-29 22:17:16,PROD-6605,Home & Kitchen,5.0,0.0,PayPal,Failed
TXN-10212,ORD-50212,CUST-105,user_991@gmail.com,2026-07-31 19:59:57,PROD-7623,Apparel,3.0,322.17,PayPal,Pending
TXN-10213,ORD-50213,CUST-353,user_350@company.org,2026-07-28 17:16:55,PROD-1937,Beauty,5.0,320.84,PayPal,Failed
TXN-10214,ORD-50214,CUST-716,user_181@gmail.com,2026-07-29 06:44:38,PROD-2191,Electronics,4.0,449.38,Debit Card,Completed
TXN-10215,ORD-50215,CUST-580,user_471@gmail.com,2026-07-28 11:14:59,PROD-3935,Sports,7.0,376.5,Credit Card,Pending
TXN-10216,ORD-50216,CUST-936,user_833@yahoo.com,2026-07-28 10:31:12,PROD-3808,Apparel,-1.0,87.21,PayPal,Completed
TXN-10217,ORD-50217,CUST-414,user_456@outlook.com,2026-07-26 13:33:10,PROD-3583,Books,6.0,153.38,Debit Card,Failed
TXN-10218,ORD-50218,CUST-252,user_608gmail.com,2026-07-28 21:40:52,PROD-7964,Books,6.0,449.24,UPI,Completed
TXN-10219,ORD-50219,CUST-410,user_982@gmail.com,2026-07-26 15:52:21,PROD-7235,Home & Kitchen,6.0,0.0,PayPal,Completed
TXN-10220,ORD-50220,CUST-370,user_944@gmail.com,2026-07-29 21:31:26,PROD-6075,Home & Kitchen,7.0,338.67,UPI,Completed
TXN-10221,ORD-50221,CUST-931,user_658@outlook.com,2026-07-26 23:50:40,PROD-3687,Electronics,9.0,165.9,Credit Card,Failed
TXN-10222,ORD-50222,CUST-895,user_307@outlook.com,2027-02-12 16:25:04,PROD-5791,Electronics,7.0,221.75,UPI,Failed
TXN-10223,ORD-50223,CUST-884,user_624@gmail.com,2026-07-27 07:45:25,PROD-9754,Beauty,3.0,107.25,PayPal,Pending
TXN-10224,ORD-50224,CUST-571,user_842@yahoo.com,2026-07-31 12:15:08,PROD-2728,Beauty,9.0,416.54,Debit Card,Completed
TXN-10225,ORD-50225,CUST-786,user_857@company.org,2026-07-28 22:45:50,PROD-9390,Sports,7.0,94.25,UPI,Pending
TXN-10226,ORD-50226,CUST-264,user_595@gmail.com,2026-07-29 15:51:13,PROD-7701,Books,9.0,112.42,PayPal,Pending
TXN-10227,ORD-50227,CUST-862,user_577@outlook.com,2026-07-30 10:21:58,PROD-6929,Beauty,8.0,,UPI,Completed
TXN-10228,ORD-50228,CUST-814,user_501@gmail.com,2026-07-27 05:49:20,PROD-3867,Sports,1.0,91.9,Credit Card,Failed
TXN-10229,ORD-50229,CUST-318,user_686@gmail.com,2026-07-29 12:40:57,PROD-3001,Apparel,6.0,72.11,UPI,Pending
TXN-10230,ORD-50230,CUST-766,user_329@gmail.com,2026-07-25 14:55:27,PROD-4056,Apparel,8.0,210.75,Credit Card,Failed
TXN-10231,ORD-50231,CUST-491,user_794@yahoo.com,2026-07-27 18:44:54,PROD-3015,Books,4.0,180.0,Debit Card,Completed
TXN-10232,ORD-50232,CUST-687,user_214@yahoo.com,2026-07-26 07:58:11,PROD-6424,Electronics,4.0,492.72,UPI,Failed
TXN-10233,ORD-50233,CUST-556,user_403@outlook.com,2026-07-28 13:16:42,PROD-3153,Beauty,6.0,5.34,Credit Card,Completed
TXN-10234,ORD-50234,CUST-229,user_887@company.org,2026-07-29 01:47:27,PROD-6156,Apparel,1.0,135.81,UPI,Pending
TXN-10235,ORD-50235,CUST-902,user_600@company.org,2026-07-25 13:29:24,PROD-3951,Sports,10.0,55.66,UPI,Failed
TXN-10236,ORD-50236,CUST-147,user_772@gmail,2026-07-28 23:37:32,PROD-5258,Apparel,6.0,497.79,Credit Card,Failed
TXN-10237,ORD-50237,CUST-528,user_992@gmail.com,2026-07-30 10:58:06,PROD-5768,Home & Kitchen,8.0,353.37,UPI,Pending
TXN-10238,ORD-50238,CUST-838,user_266@outlook.com,2026-07-26 21:35:17,PROD-9103,Apparel,9.0,160.5,Credit Card,Completed
TXN-10239,ORD-50239,CUST-749,user_533@yahoo.com,2026-07-30 02:02:20,PROD-2700,Sports,,229.53,Debit Card,Failed
TXN-10240,ORD-50240,CUST-125,user_509@company.org,2026-07-28 01:53:31,PROD-2598,Beauty,5.0,,UPI,Pending
TXN-10241,ORD-50241,CUST-773,user_423@company.org,2026-12-25 16:25:04,PROD-7867,Sports,7.0,142.44,Debit Card,Completed
TXN-10242,ORD-50242,CUST-167,user_259@outlook.com,2026-07-29 16:24:23,PROD-1894,Electronics,3.0,295.89,PayPal,Completed
TXN-10243,ORD-50243,CUST-870,user_140@outlook.com,2026-07-31 12:57:06,PROD-3177,Beauty,5.0,174.55,PayPal,Pending
TXN-10244,ORD-50244,,user_727@company.org,2026-07-27 00:26:06,PROD-3821,Sports,10.0,171.52,UPI,Completed
TXN-10245,ORD-50245,CUST-829,user_393@gmail.com,2026-07-28 22:20:02,PROD-4949,Beauty,5.0,452.89,PayPal,Pending
TXN-10246,ORD-50246,CUST-393,user_155@yahoo.com,2026-07-25 19:26:31,PROD-1614,Electronics,6.0,137.71,UPI,Completed
TXN-10247,ORD-50247,CUST-752,user_322@company.org,2026-07-30 13:49:30,PROD-1569,Home & Kitchen,4.0,214.01,UPI,Pending
TXN-10248,ORD-50248,CUST-431,user_419@outlook.com,2026-07-29 01:43:36,PROD-2846,Beauty,7.0,165.66,PayPal,Pending
TXN-10249,ORD-50249,CUST-305,user_427@company.org,2026-07-31 11:44:42,PROD-1973,Sports,6.0,474.5,UPI,Pending
TXN-10250,ORD-50250,CUST-224,user_615@outlook.com,2026-07-27 01:19:21,PROD-2596,Apparel,1.0,121.55,UPI,Completed
TXN-10251,ORD-50251,CUST-524,user_733@outlook.com,2026-07-28 00:53:16,PROD-1783,Electronics,9.0,448.93,PayPal,Pending
TXN-10252,ORD-50252,CUST-784,user_929@gmail.com,2026-07-29 15:25:50,PROD-9724,Electronics,10.0,100.18,Debit Card,Completed
TXN-10253,ORD-50253,CUST-413,user_234@company.org,2026-07-31 23:10:32,PROD-9546,Beauty,7.0,265.32,UPI,Completed
TXN-10254,ORD-50254,,user_818@gmail.com,2026-07-28 11:27:56,PROD-4361,Sports,6.0,405.17,PayPal,Completed
TXN-10255,ORD-50255,CUST-312,user_959@yahoo.com,2026-07-27 10:30:54,PROD-9490,Apparel,10.0,14.26,Credit Card,Pending
TXN-10256,ORD-50256,CUST-515,user_262@yahoo.com,2026-07-29 09:35:41,PROD-2651,Home & Kitchen,4.0,221.21,Debit Card,Failed
TXN-10257,ORD-50257,CUST-985,user_207@gmail.com,2026-07-27 12:00:48,PROD-8848,Books,7.0,196.17,Debit Card,Failed
TXN-10258,ORD-50258,CUST-386,user_521@outlook.com,2026-07-26 22:30:21,PROD-5614,Books,6.0,174.42,Credit Card,Failed
TXN-10259,ORD-50259,CUST-457,user_859@outlook.com,2026-07-30 03:28:33,PROD-3052,Beauty,5.0,320.1,PayPal,Completed
TXN-10260,ORD-50260,CUST-515,user_886@yahoo.com,2026-07-31 06:30:03,PROD-3870,Home & Kitchen,3.0,,PayPal,Pending
TXN-10261,ORD-50261,CUST-771,user_340@company.org,2026-07-29 19:33:17,PROD-5063,Apparel,-3.0,279.65,PayPal,Failed
TXN-10262,ORD-50262,CUST-845,user_347@gmail.com,2026-07-31 03:19:51,PROD-4989,Apparel,2.0,251.8,Credit Card,Completed
TXN-10263,ORD-50263,CUST-989,user_550@yahoo.com,2026-08-01 09:05:46,PROD-2453,Home & Kitchen,10.0,0.0,PayPal,Failed
TXN-10264,ORD-50264,CUST-224,user_514@company.org,2026-07-29 06:12:36,PROD-2458,Electronics,4.0,405.98,Debit Card,Completed
TXN-10265,ORD-50265,CUST-202,user_762@company.org,2026-07-30 08:00:27,PROD-9081,Apparel,7.0,434.56,Debit Card,Failed
TXN-10266,ORD-50266,CUST-991,user_296@company.org,2026-07-28 13:12:56,PROD-9012,Beauty,7.0,334.84,Credit Card,Failed
TXN-10267,ORD-50267,,user_137@outlook.com,2026-07-31 14:34:44,PROD-8918,Home & Kitchen,10.0,170.6,UPI,Pending
TXN-10268,ORD-50268,CUST-348,user_389@company.org,2026-08-01 01:17:35,PROD-3074,Sports,1.0,154.88,UPI,Completed
TXN-10269,ORD-50269,CUST-377,user_899@yahoo.com,2026-07-27 17:18:06,PROD-5383,Electronics,5.0,172.87,Credit Card,Completed
TXN-10270,ORD-50270,CUST-649,user_282@company.org,2026-07-26 07:17:23,PROD-6040,Home & Kitchen,1.0,116.9,UPI,Failed
TXN-10271,ORD-50271,CUST-376,user_967@company.org,2026-07-30 17:52:37,PROD-4823,Sports,2.0,456.91,UPI,Failed
TXN-10272,ORD-50272,CUST-972,user_373@outlook.com,2026-07-30 03:03:57,PROD-1726,Sports,6.0,275.88,PayPal,Completed
TXN-10273,ORD-50273,CUST-945,user_507@company.org,2026-07-28 07:39:51,PROD-6412,Beauty,5.0,172.18,PayPal,Pending
TXN-10274,ORD-50274,CUST-430,user_207@company.org,2026-07-31 06:36:45,PROD-7526,Sports,1.0,343.39,Credit Card,Completed
TXN-10275,ORD-50275,CUST-488,user_184@company.org,2026-07-29 10:25:23,PROD-2988,Books,7.0,218.77,Debit Card,Completed
TXN-10276,ORD-50276,CUST-823,user_507@gmail,2026-08-01 04:45:28,PROD-6021,Home & Kitchen,5.0,148.79,Credit Card,Pending
TXN-10277,ORD-50277,CUST-253,user_755@yahoo.com,2026-07-27 10:07:41,PROD-1687,Beauty,3.0,209.69,PayPal,Completed
TXN-10278,ORD-50278,CUST-881,user_791@gmail.com,2026-07-29 01:06:33,PROD-6335,Apparel,9.0,,Debit Card,Pending
TXN-10279,ORD-50279,CUST-590,user_850@yahoo.com,2026-07-26 22:38:46,PROD-3571,Books,3.0,378.54,UPI,Failed
TXN-10280,ORD-50280,CUST-974,user_154@yahoo.com,2026-07-30 17:32:11,PROD-8118,Books,6.0,204.36,Debit Card,Completed
TXN-10281,ORD-50281,CUST-463,user_816@gmail.com,2026-07-28 09:50:04,PROD-3967,Beauty,3.0,132.7,PayPal,Failed
TXN-10282,ORD-50282,CUST-835,user_867@company.org,2026-07-29 23:11:01,PROD-9304,Apparel,2.0,-92.69,Debit Card,Completed
TXN-10283,ORD-50283,,user_400@outlook.com,2026-07-27 12:11:36,PROD-7374,Beauty,1.0,335.42,UPI,Pending
TXN-10284,ORD-50284,CUST-380,user_301@gmail.com,2026-07-29 01:37:01,PROD-9428,Beauty,8.0,417.23,PayPal,Completed
TXN-10285,ORD-50285,CUST-136,user_349@outlook.com,2026-07-30 00:49:29,PROD-7428,Sports,5.0,225.25,Credit Card,Pending
TXN-10286,ORD-50286,CUST-659,user_587@outlook.com,2026-07-31 17:06:50,PROD-1176,Electronics,7.0,470.08,Credit Card,Completed
TXN-10287,ORD-50287,CUST-388,user_751@outlook.com,2026-07-30 20:37:12,PROD-9938,Electronics,10.0,205.16,Debit Card,Failed
TXN-10288,ORD-50288,CUST-949,user_126@outlook.com,2026-07-29 13:39:36,PROD-9777,Electronics,2.0,28.09,Debit Card,Completed
TXN-10289,ORD-50289,CUST-985,user_717@gmail.com,2026-07-27 06:35:33,PROD-5284,Electronics,1.0,313.1,UPI,Failed
TXN-10290,ORD-50290,CUST-114,user_167@company.org,2026-07-29 15:02:43,PROD-4100,Books,10.0,446.45,Credit Card,Failed
TXN-10291,ORD-50291,CUST-557,user_257@gmail.com,2026-07-27 11:58:03,PROD-1562,Electronics,8.0,402.06,Credit Card,Completed
TXN-10292,ORD-50292,CUST-421,user_401@gmail.com,2026-07-28 00:59:19,PROD-7137,Electronics,2.0,399.66,UPI,Failed
TXN-10293,ORD-50293,CUST-148,user_382@yahoo.com,2026-07-30 12:41:59,PROD-5685,Sports,4.0,408.73,UPI,Failed
TXN-10294,ORD-50294,CUST-293,user_861@company.org,2026-07-29 02:48:34,PROD-3392,Sports,3.0,29.05,PayPal,Pending
TXN-10295,ORD-50295,CUST-535,user_599@yahoo.com,2026-07-31 20:58:44,PROD-4422,Books,7.0,305.59,Credit Card,Failed
TXN-10296,ORD-50296,CUST-377,user_390@gmail.com,2026-07-27 10:56:09,PROD-8405,Apparel,6.0,64.6,Debit Card,Completed
TXN-10297,ORD-50297,CUST-930,user_969@gmail.com,2026-07-31 10:34:15,PROD-1740,Apparel,4.0,211.79,Debit Card,Completed
TXN-10298,ORD-50298,CUST-742,user_466@gmail.com,2026-07-26 16:53:24,PROD-9815,Apparel,4.0,404.91,Debit Card,Failed
TXN-10299,ORD-50299,CUST-324,user_904@outlook.com,2026-07-28 20:57:20,PROD-8615,Home & Kitchen,3.0,298.33,Credit Card,Completed
TXN-10300,ORD-50300,CUST-624,user_751@outlook.com,2026-07-29 15:56:30,PROD-4692,Electronics,5.0,401.2,UPI,Pending
TXN-10301,ORD-50301,CUST-791,user_791@company.org,2026-07-26 12:32:04,PROD-3569,Apparel,9.0,437.33,Debit Card,Completed
TXN-10302,ORD-50302,CUST-658,user_921@company.org,2026-07-26 01:47:33,PROD-4664,Beauty,10.0,291.37,Debit Card,Failed
TXN-10303,ORD-50303,CUST-873,user_844@yahoo.com,2026-07-28 01:31:36,PROD-7709,Books,9.0,80.71,UPI,Failed
TXN-10304,ORD-50304,CUST-140,user_349@yahoo.com,2026-07-31 17:09:09,PROD-9312,Books,0.0,70.07,Debit Card,Completed
TXN-10305,ORD-50305,CUST-985,user_885@company.org,2026-07-26 18:56:54,PROD-8667,Books,7.0,16.95,PayPal,Completed
TXN-10306,ORD-50306,CUST-522,user_170@company.org,2026-07-31 23:58:28,PROD-5945,Sports,3.0,402.64,PayPal,Pending
TXN-10307,ORD-50307,CUST-753,user_280@yahoo.com,2026-07-25 21:58:47,PROD-3770,Sports,,358.25,UPI,Completed
TXN-10308,ORD-50308,CUST-669,user_444@company.org,2026-07-31 09:45:47,PROD-2193,Electronics,4.0,184.62,PayPal,Completed
TXN-10309,ORD-50309,CUST-351,user_638@outlook.com,2026-07-29 07:02:48,PROD-3432,Books,9.0,259.78,PayPal,Completed
TXN-10310,ORD-50310,CUST-616,user_777@yahoo.com,2026-07-28 20:59:57,PROD-6070,Sports,2.0,432.54,UPI,Completed
TXN-10311,ORD-50311,CUST-983,user_256@yahoo.com,2026-07-28 08:23:30,PROD-9808,Home & Kitchen,7.0,422.7,Credit Card,Failed
TXN-10312,ORD-50312,CUST-334,user_717@company.org,2026-07-27 09:19:47,PROD-9241,Apparel,1.0,285.37,Debit Card,Failed
TXN-10313,ORD-50313,CUST-227,user_496@yahoo.com,2026-07-25 14:12:04,PROD-3585,Sports,5.0,429.52,PayPal,Failed
TXN-10314,ORD-50314,CUST-595,user_311@gmail.com,2026-07-26 16:24:47,PROD-9568,Sports,2.0,170.24,Credit Card,Failed
TXN-10315,ORD-50315,CUST-748,user_575@outlook.com,2026-07-27 04:38:30,PROD-7730,Electronics,5.0,259.81,Credit Card,Pending
TXN-10316,ORD-50316,CUST-108,user_645@yahoo.com,2026-07-26 22:59:02,PROD-7663,Home & Kitchen,,418.79,UPI,Failed
TXN-10317,ORD-50317,CUST-927,user_740gmail.com,2026-07-30 15:01:00,PROD-5360,Apparel,6.0,52.24,PayPal,Pending
TXN-10318,ORD-50318,CUST-756,user_236@outlook.com,2026-07-28 09:26:18,PROD-6621,Home & Kitchen,9.0,362.04,Credit Card,Pending
TXN-10319,ORD-50319,CUST-943,user_603@gmail.com,2026-07-31 21:43:44,PROD-9172,Sports,10.0,160.64,Credit Card,Pending
TXN-10320,ORD-50320,CUST-924,user_481@company.org,2026-07-29 15:42:52,PROD-7801,Electronics,4.0,24.94,PayPal,Failed
TXN-10321,ORD-50321,CUST-860,user_900@yahoo.com,2026-07-29 03:20:35,PROD-9372,Beauty,5.0,100.17,UPI,Pending
TXN-10322,ORD-50322,CUST-913,user_436@gmail.com,2026-07-30 04:15:28,PROD-3282,Apparel,7.0,221.13,PayPal,Pending
TXN-10323,ORD-50323,CUST-112,user_519@gmail.com,2026-07-27 05:52:35,PROD-9873,Home & Kitchen,9.0,474.27,Debit Card,Pending
TXN-10324,ORD-50324,CUST-148,user_475@gmail.com,2026-07-27 08:22:56,PROD-3958,Sports,7.0,172.43,UPI,Completed
TXN-10325,ORD-50325,CUST-320,user_848@outlook.com,2026-07-25 22:40:17,PROD-6453,Beauty,0.0,228.76,Debit Card,Failed
TXN-10326,ORD-50326,CUST-216,user_602@gmail,2026-07-27 09:20:00,PROD-9556,Sports,5.0,199.87,Credit Card,Pending
TXN-10327,ORD-50327,CUST-490,user_165@outlook.com,2026-07-27 15:59:27,PROD-9780,Home & Kitchen,2.0,478.06,Debit Card,Completed
TXN-10328,ORD-50328,CUST-258,user_284gmail.com,2026-07-28 23:26:29,PROD-9988,Home & Kitchen,7.0,496.4,Credit Card,Completed
TXN-10329,ORD-50329,CUST-161,user_944@gmail.com,2026-07-26 04:52:44,PROD-9467,Home & Kitchen,10.0,253.53,Credit Card,Failed
TXN-10330,ORD-50330,CUST-937,user_230@yahoo.com,2026-08-01 09:48:30,PROD-4100,Books,6.0,218.43,Debit Card,Pending
TXN-10331,ORD-50331,CUST-233,user_593@yahoo.com,2026-07-29 01:17:17,PROD-4608,Apparel,6.0,41.15,Credit Card,Failed
TXN-10332,ORD-50332,CUST-987,user_427@outlook.com,2026-07-29 10:59:34,PROD-9116,Electronics,2.0,456.72,UPI,Pending
TXN-10333,ORD-50333,CUST-997,user_592@gmail.com,2026-07-30 02:42:02,PROD-1868,Beauty,3.0,343.68,Debit Card,Completed
TXN-10334,ORD-50334,CUST-296,user_467@yahoo.com,2026-07-28 04:35:15,PROD-7726,Sports,4.0,15.32,Debit Card,Completed
TXN-10335,ORD-50335,CUST-752,user_381@company.org,2026-07-26 10:47:18,PROD-2455,Apparel,6.0,427.04,UPI,Failed
TXN-10336,ORD-50336,CUST-623,user_845@gmail.com,2026-07-28 14:30:42,PROD-6887,Apparel,4.0,431.83,UPI,Pending
TXN-10337,ORD-50337,CUST-541,user_231@outlook.com,2026-07-28 11:37:06,PROD-2770,Home & Kitchen,10.0,467.88,PayPal,Pending
TXN-10338,ORD-50338,CUST-431,user_689@outlook.com,2026-07-26 10:45:25,PROD-8986,Electronics,6.0,373.85,Debit Card,Failed
TXN-10339,ORD-50339,CUST-612,user_412@yahoo.com,2026-07-28 22:18:20,PROD-3977,Apparel,4.0,163.52,PayPal,Failed
TXN-10340,ORD-50340,CUST-248,user_568@outlook.com,2026-07-28 20:56:28,PROD-1901,Books,4.0,193.08,UPI,Pending
TXN-10341,ORD-50341,CUST-791,user_879@outlook.com,2026-08-01 06:03:29,PROD-4309,Books,9.0,489.34,Credit Card,Completed
TXN-10342,ORD-50342,CUST-906,user_481@gmail.com,2026-07-28 13:44:33,PROD-9352,Sports,9.0,446.95,PayPal,Failed
TXN-10343,ORD-50343,CUST-105,user_691@gmail.com,2026-07-30 14:15:38,PROD-1891,Beauty,9.0,450.33,PayPal,Failed
TXN-10344,ORD-50344,CUST-409,user_472@company.org,2026-07-27 01:22:43,PROD-7475,Apparel,10.0,455.33,Credit Card,Pending
TXN-10345,ORD-50345,CUST-101,user_900@gmail.com,2026-07-28 06:01:13,PROD-4476,Sports,3.0,495.96,Credit Card,Pending
TXN-10346,ORD-50346,CUST-338,user_682@outlook.com,2026-08-01 05:44:38,PROD-2597,Books,3.0,216.13,PayPal,Pending
TXN-10347,ORD-50347,CUST-451,user_135@yahoo.com,2026-07-26 02:09:09,PROD-7042,Apparel,1.0,343.81,Debit Card,Pending
TXN-10348,ORD-50348,CUST-935,user_688@gmail.com,2026-07-28 18:03:22,PROD-7589,Books,8.0,222.13,Debit Card,Completed
TXN-10349,ORD-50349,CUST-974,user_852@company.org,2026-07-30 16:27:28,PROD-8654,Books,6.0,0.0,PayPal,Pending
TXN-10350,ORD-50350,CUST-570,user_662gmail.com,2026-07-30 04:44:26,PROD-1065,Sports,6.0,92.58,Credit Card,Completed
TXN-10351,ORD-50351,CUST-336,user_136@gmail.com,2026-07-29 14:07:27,PROD-6494,Sports,2.0,0.0,Debit Card,Failed
TXN-10352,ORD-50352,CUST-415,user_382@outlook.com,2026-07-29 16:43:31,PROD-8627,Apparel,5.0,153.08,PayPal,Completed
TXN-10353,ORD-50353,CUST-539,user_501@gmail.com,2026-07-27 00:09:23,PROD-4584,Electronics,0.0,289.42,Credit Card,Failed
TXN-10354,ORD-50354,CUST-209,user_322@yahoo.com,2026-08-01 00:20:20,PROD-9814,Home & Kitchen,5.0,113.65,UPI,Failed
TXN-10355,ORD-50355,CUST-449,user_560@yahoo.com,2026-07-29 18:15:14,PROD-8628,Apparel,2.0,302.94,Credit Card,Completed
TXN-10356,ORD-50356,CUST-101,user_991@outlook.com,2026-07-26 14:58:20,PROD-6212,Electronics,7.0,485.38,PayPal,Pending
TXN-10357,ORD-50357,CUST-206,user_340@gmail.com,2026-08-01 09:08:34,PROD-2451,Apparel,9.0,390.61,UPI,Pending
TXN-10358,ORD-50358,CUST-319,user_292@yahoo.com,2026-07-27 03:50:08,PROD-9690,Electronics,3.0,232.41,PayPal,Completed
TXN-10359,ORD-50359,CUST-792,user_727@yahoo.com,2026-07-26 06:30:00,PROD-6477,Sports,9.0,310.48,Debit Card,Failed
TXN-10360,ORD-50360,CUST-608,user_171@gmail.com,2026-07-27 04:40:44,PROD-1079,Apparel,2.0,178.53,UPI,Pending
TXN-10361,ORD-50361,CUST-768,user_876@gmail.com,2026-07-31 09:28:56,PROD-9784,Sports,3.0,330.17,Credit Card,Completed
TXN-10362,ORD-50362,,user_474@gmail.com,2026-07-31 02:19:20,PROD-6158,Home & Kitchen,10.0,212.33,PayPal,Failed
TXN-10363,ORD-50363,CUST-408,user_955@yahoo.com,2026-07-30 04:47:09,PROD-8494,Home & Kitchen,,41.14,Debit Card,Pending
TXN-10364,ORD-50364,CUST-873,user_718@yahoo.com,2026-07-30 09:47:43,PROD-4514,Beauty,8.0,336.18,Credit Card,Failed
TXN-10365,ORD-50365,CUST-183,user_850@yahoo.com,2026-07-28 13:00:34,PROD-8383,Books,5.0,410.62,UPI,Pending
TXN-10366,ORD-50366,CUST-936,user_516@outlook.com,2026-07-26 03:52:41,PROD-1336,Books,10.0,85.37,Credit Card,Pending
TXN-10367,ORD-50367,CUST-872,user_195@yahoo.com,2026-07-28 14:20:24,PROD-5970,Sports,4.0,226.58,UPI,Pending
TXN-10368,ORD-50368,CUST-220,user_362@gmail.com,2026-08-01 05:48:14,PROD-9333,Books,8.0,445.32,Debit Card,Failed
TXN-10369,ORD-50369,CUST-445,user_897@gmail.com,2026-07-25 17:56:34,PROD-4738,Sports,-4.0,380.5,PayPal,Completed
TXN-10370,ORD-50370,CUST-928,user_477@company.org,2026-07-31 09:16:29,PROD-9810,Apparel,1.0,114.19,UPI,Completed
TXN-10371,ORD-50371,CUST-488,user_430@outlook.com,2026-08-01 01:50:39,PROD-9968,Beauty,7.0,107.61,PayPal,Pending
TXN-10372,ORD-50372,CUST-868,user_825@yahoo.com,2026-07-25 13:20:06,PROD-9210,Electronics,4.0,15.73,Credit Card,Pending
TXN-10373,ORD-50373,CUST-264,user_880@outlook.com,2026-07-30 18:52:31,PROD-7147,Apparel,3.0,0.0,Credit Card,Failed
TXN-10374,ORD-50374,CUST-309,user_552@yahoo.com,2026-07-25 21:18:38,PROD-2238,Books,8.0,487.34,UPI,Pending
TXN-10375,ORD-50375,CUST-846,user_360gmail.com,2026-08-01 01:03:21,PROD-7834,Electronics,5.0,223.65,Debit Card,Pending
TXN-10376,ORD-50376,CUST-633,user_180@outlook.com,2026-07-29 02:43:55,PROD-7756,Books,8.0,51.4,Credit Card,Failed
TXN-10377,ORD-50377,CUST-419,user_773@gmail.com,2026-07-29 18:40:39,PROD-7740,Electronics,1.0,45.52,UPI,Completed
TXN-10378,ORD-50378,CUST-139,user_213@gmail.com,2026-07-31 08:23:11,PROD-7373,Home & Kitchen,8.0,429.36,Debit Card,Pending
TXN-10379,ORD-50379,CUST-144,user_503@outlook.com,2026-07-31 09:12:55,PROD-5912,Sports,3.0,31.82,Credit Card,Failed
TXN-10380,ORD-50380,CUST-348,user_546@gmail.com,2026-07-31 09:45:37,PROD-7822,Books,4.0,209.76,UPI,Completed
TXN-10381,ORD-50381,CUST-752,user_335gmail.com,2026-07-29 17:37:25,PROD-4206,Home & Kitchen,9.0,450.68,UPI,Completed
TXN-10382,ORD-50382,CUST-880,user_492@gmail.com,2026-07-25 14:32:45,PROD-2040,Electronics,2.0,157.42,UPI,Pending
TXN-10383,ORD-50383,CUST-241,user_875@company.org,2026-07-29 04:28:33,PROD-5925,Electronics,6.0,186.16,Debit Card,Pending
TXN-10384,ORD-50384,CUST-630,user_396@outlook.com,2026-07-26 15:23:06,PROD-8639,Apparel,5.0,206.76,PayPal,Pending
TXN-10385,ORD-50385,CUST-420,user_720@outlook.com,2026-07-30 22:34:05,PROD-8359,Beauty,4.0,122.19,UPI,Pending
TXN-10386,ORD-50386,CUST-713,user_867@gmail.com,2027-01-16 16:25:04,PROD-1631,Books,7.0,389.1,Debit Card,Pending
TXN-10387,ORD-50387,CUST-880,user_579@outlook.com,2026-07-28 10:38:43,PROD-3981,Electronics,1.0,197.86,PayPal,Failed
TXN-10388,ORD-50388,CUST-792,user_354@yahoo.com,2026-07-27 17:26:15,PROD-3641,Home & Kitchen,5.0,356.49,Debit Card,Pending
TXN-10389,ORD-50300,CUST-970,user_406@outlook.com,2026-07-27 16:36:01,PROD-7493,Beauty,6.0,20.76,PayPal,Failed
TXN-10390,ORD-50390,CUST-703,user_145@gmail.com,2026-07-27 12:28:22,PROD-1384,Electronics,10.0,389.65,Debit Card,Failed
TXN-10391,ORD-50391,CUST-837,user_665@gmail.com,2027-01-02 16:25:04,PROD-9437,Books,5.0,310.79,UPI,Failed
TXN-10392,ORD-50392,CUST-341,user_129@outlook.com,2026-07-30 11:04:54,PROD-2701,Books,7.0,89.24,UPI,Pending
TXN-10393,ORD-50393,CUST-128,user_633@gmail.com,2026-07-28 17:32:45,PROD-4399,Beauty,5.0,494.1,Debit Card,Failed
TXN-10394,ORD-50394,CUST-656,user_328@outlook.com,2026-07-26 12:28:34,PROD-3839,Books,8.0,445.9,Credit Card,Failed
TXN-10395,ORD-50395,CUST-486,user_934@company.org,2026-07-25 23:36:11,PROD-4813,Beauty,2.0,294.82,Debit Card,Completed
TXN-10396,ORD-50396,CUST-429,user_607@company.org,2026-07-25 17:19:26,PROD-6507,Apparel,10.0,212.3,PayPal,Pending
TXN-10397,ORD-50397,CUST-718,user_880@yahoo.com,2026-07-30 15:32:15,PROD-2750,Apparel,9.0,132.82,Credit Card,Failed
TXN-10398,ORD-50398,CUST-364,user_877@gmail.com,2026-07-26 13:40:03,PROD-3623,Sports,1.0,30.74,Credit Card,Failed
TXN-10399,ORD-50399,CUST-170,user_136@gmail.com,2026-07-31 15:39:15,PROD-5924,Books,7.0,411.61,Debit Card,Failed
TXN-10400,ORD-50400,CUST-161,user_764@yahoo.com,2026-08-01 02:01:23,PROD-5709,Books,4.0,397.11,PayPal,Failed
TXN-10401,ORD-50401,CUST-708,user_245@outlook.com,2026-07-26 10:39:54,PROD-7502,Sports,2.0,188.06,UPI,Completed
TXN-10402,ORD-50402,CUST-523,user_740@yahoo.com,2026-07-29 11:14:33,PROD-2885,Sports,10.0,412.04,PayPal,Failed
TXN-10403,ORD-50403,CUST-164,user_822@outlook.com,2026-07-30 15:48:37,PROD-3576,Books,4.0,210.89,Debit Card,Completed
TXN-10404,ORD-50404,CUST-258,user_807@yahoo.com,2026-07-30 02:43:26,PROD-9335,Beauty,10.0,151.29,Debit Card,Completed
TXN-10405,ORD-50405,CUST-915,user_373@company.org,2026-07-27 07:00:19,PROD-3867,Apparel,8.0,389.02,UPI,Failed
TXN-10406,ORD-50406,CUST-437,user_631@gmail.com,2026-12-26 16:25:04,PROD-1548,Apparel,7.0,337.78,PayPal,Completed
TXN-10407,ORD-50407,CUST-793,user_848@outlook.com,2026-07-25 18:15:06,PROD-7908,Apparel,9.0,496.92,Credit Card,Completed
TXN-10408,ORD-50408,CUST-132,user_333@gmail.com,2026-07-29 05:06:26,PROD-8272,Sports,6.0,213.18,UPI,Pending
TXN-10409,ORD-50409,CUST-395,user_870@company.org,2026-07-29 07:51:27,PROD-1214,Home & Kitchen,9.0,249.4,UPI,Failed
TXN-10410,ORD-50410,CUST-658,user_877@outlook.com,2026-07-27 05:42:24,PROD-6322,Beauty,,138.57,PayPal,Completed
TXN-10411,ORD-50411,CUST-893,user_679@outlook.com,2026-07-31 17:41:24,PROD-2074,Books,5.0,0.0,PayPal,Pending
TXN-10412,ORD-50352,CUST-261,user_542@yahoo.com,2026-07-29 10:20:16,PROD-2230,Beauty,9.0,74.31,PayPal,Failed
TXN-10413,ORD-50413,CUST-777,user_629@outlook.com,2026-07-28 20:50:25,PROD-5774,Electronics,2.0,5.5,UPI,Failed
TXN-10414,ORD-50414,CUST-251,user_768@outlook.com,2026-07-25 15:25:47,PROD-4957,Apparel,1.0,195.93,PayPal,Completed
TXN-10415,ORD-50415,CUST-443,user_684@outlook.com,2026-07-28 00:04:53,PROD-8840,Apparel,3.0,440.53,Debit Card,Completed
TXN-10416,ORD-50416,CUST-711,user_335@outlook.com,2026-07-27 08:16:05,PROD-5845,Electronics,0.0,143.26,PayPal,Pending
TXN-10417,ORD-50417,CUST-970,user_675@outlook.com,2026-07-25 19:28:06,PROD-1538,Beauty,3.0,406.32,PayPal,Completed
TXN-10418,ORD-50418,CUST-717,user_158@gmail.com,2026-07-25 23:32:56,PROD-8798,Sports,2.0,129.29,Debit Card,Completed
TXN-10419,ORD-50419,CUST-642,user_915@yahoo.com,2026-07-28 06:57:22,PROD-7291,Sports,6.0,15.75,UPI,Completed
TXN-10420,ORD-50420,CUST-796,user_909@company.org,2026-07-26 15:33:21,PROD-1746,Sports,8.0,453.3,Credit Card,Completed
TXN-10421,ORD-50421,CUST-370,user_795@company.org,2026-07-26 04:36:46,PROD-1163,Beauty,6.0,328.31,PayPal,Completed
TXN-10422,ORD-50422,CUST-724,user_935@gmail.com,2026-07-29 17:48:17,PROD-7675,Beauty,7.0,285.34,Credit Card,Completed
TXN-10423,ORD-50423,CUST-470,user_343@gmail.com,2026-07-29 13:31:25,PROD-6452,Books,6.0,333.28,UPI,Completed
TXN-10424,ORD-50424,CUST-479,user_206@company.org,2026-07-26 22:22:17,PROD-8130,Books,4.0,88.26,Credit Card,Pending
TXN-10425,ORD-50425,CUST-145,user_272@yahoo.com,2026-07-29 21:36:06,PROD-4083,Apparel,8.0,252.0,UPI,Failed
TXN-10426,ORD-50426,CUST-803,user_784@outlook.com,2026-07-31 08:31:27,PROD-7145,Home & Kitchen,4.0,493.55,UPI,Completed
TXN-10427,ORD-50427,CUST-293,user_654@company.org,2026-07-28 05:58:05,PROD-4806,Apparel,3.0,223.87,PayPal,Failed
TXN-10428,ORD-50428,CUST-209,user_270@outlook.com,2026-07-28 09:38:01,PROD-3175,Electronics,5.0,39.59,PayPal,Pending
TXN-10429,ORD-50429,CUST-910,user_881@gmail.com,2026-07-31 07:58:38,PROD-2479,Sports,7.0,336.9,Debit Card,Completed
TXN-10430,ORD-50430,CUST-304,user_628@company.org,2026-07-30 23:03:35,PROD-7358,Books,5.0,297.43,UPI,Pending
TXN-10431,ORD-50431,CUST-288,user_236@gmail.com,2026-07-27 03:56:27,PROD-2069,Beauty,9.0,0.0,PayPal,Pending
TXN-10432,ORD-50432,CUST-678,user_190@company.org,2026-07-27 05:04:01,PROD-1530,Books,4.0,414.08,Credit Card,Completed
TXN-10433,ORD-50433,CUST-790,user_739@yahoo.com,2026-07-26 04:34:04,PROD-2330,Home & Kitchen,6.0,-36.87,UPI,Failed
TXN-10434,ORD-50434,CUST-218,user_820@yahoo.com,2026-07-28 11:02:35,PROD-5438,Home & Kitchen,5.0,182.95,UPI,Failed
TXN-10435,ORD-50435,CUST-557,user_798@gmail.com,2026-08-01 03:22:48,PROD-9242,Books,7.0,175.57,PayPal,Completed
TXN-10436,ORD-50436,CUST-615,user_134@company.org,2026-08-01 05:55:30,PROD-6067,Electronics,9.0,314.18,PayPal,Failed
TXN-10437,ORD-50437,CUST-962,user_115@gmail.com,2026-07-27 19:34:41,PROD-6544,Sports,5.0,110.66,Credit Card,Completed
TXN-10438,ORD-50438,CUST-714,user_403@yahoo.com,2026-07-29 12:48:04,PROD-8361,Books,4.0,339.04,PayPal,Failed
TXN-10439,ORD-50439,CUST-266,user_951@yahoo.com,2026-07-31 04:31:26,PROD-9360,Books,4.0,472.09,UPI,Failed
TXN-10440,ORD-50440,CUST-112,user_375@gmail.com,2026-07-31 15:26:45,PROD-4208,Beauty,4.0,131.05,PayPal,Pending
TXN-10441,ORD-50441,CUST-817,user_304@yahoo.com,2026-07-26 02:30:10,PROD-9584,Books,9.0,261.4,PayPal,Pending
TXN-10442,ORD-50442,CUST-225,user_520@outlook.com,2026-07-25 21:51:14,PROD-4377,Apparel,1.0,381.05,PayPal,Completed
TXN-10443,ORD-50443,CUST-874,user_792@gmail,2026-07-26 10:46:38,PROD-5465,Books,8.0,145.83,UPI,Completed
TXN-10444,ORD-50444,CUST-410,user_782@company.org,2026-07-27 21:49:33,PROD-2162,Home & Kitchen,7.0,436.6,Credit Card,Completed
TXN-10445,ORD-50445,CUST-466,user_181@outlook.com,2026-07-26 08:28:39,PROD-5964,Sports,7.0,173.84,Debit Card,Pending
TXN-10446,ORD-50446,CUST-266,user_272@outlook.com,2026-07-30 23:12:55,PROD-2925,Sports,8.0,21.83,Debit Card,Pending
TXN-10447,ORD-50447,CUST-532,user_519@gmail.com,2026-07-30 03:32:31,PROD-5656,Books,2.0,119.85,UPI,Completed
TXN-10448,ORD-50448,CUST-313,user_628gmail.com,2026-07-27 21:19:39,PROD-2128,Sports,5.0,81.17,Debit Card,Failed
TXN-10449,ORD-50449,CUST-977,user_756@yahoo.com,2026-07-30 15:16:15,PROD-1302,Electronics,4.0,412.16,Credit Card,Failed
TXN-10450,ORD-50450,CUST-608,user_964@company.org,2026-07-26 22:56:14,PROD-2464,Beauty,8.0,214.07,Credit Card,Completed
TXN-10451,ORD-50451,CUST-284,user_415@gmail.com,2026-07-26 04:27:57,PROD-3590,Books,9.0,441.98,PayPal,Completed
TXN-10452,ORD-50452,CUST-811,user_993@outlook.com,2026-07-28 08:02:15,PROD-3784,Home & Kitchen,6.0,295.28,Credit Card,Pending
TXN-10453,ORD-50453,CUST-905,user_583@gmail.com,2026-07-30 00:10:06,PROD-8971,Electronics,9.0,274.96,Debit Card,Completed
TXN-10454,ORD-50454,CUST-395,user_641@yahoo.com,2026-07-29 02:05:27,PROD-6081,Sports,6.0,326.69,UPI,Failed
TXN-10455,ORD-50455,CUST-335,user_911@gmail.com,2026-07-31 09:06:37,PROD-5585,Home & Kitchen,10.0,279.4,UPI,Completed
TXN-10456,ORD-50456,CUST-501,user_194@outlook.com,2026-08-01 02:51:44,PROD-6678,Apparel,5.0,330.74,Debit Card,Failed
TXN-10457,ORD-50457,CUST-544,user_959@outlook.com,2026-07-27 02:56:02,PROD-6643,Sports,8.0,124.73,UPI,Completed
TXN-10458,ORD-50458,CUST-237,user_693@yahoo.com,2026-08-01 08:43:53,PROD-5493,Books,3.0,,PayPal,Failed
TXN-10459,ORD-50459,CUST-741,user_855@gmail.com,2026-07-28 08:22:58,PROD-5142,Home & Kitchen,7.0,449.79,PayPal,Pending
TXN-10460,ORD-50460,CUST-872,user_431@yahoo.com,2026-07-29 03:42:58,PROD-9852,Beauty,8.0,456.61,UPI,Pending
TXN-10461,ORD-50461,CUST-290,user_415@gmail.com,2026-07-30 19:39:37,PROD-6247,Home & Kitchen,6.0,403.54,UPI,Pending
TXN-10462,ORD-50462,CUST-367,user_924@gmail.com,2026-07-29 12:55:44,PROD-3385,Apparel,6.0,173.12,Debit Card,Failed
TXN-10463,ORD-50463,CUST-313,user_631@company.org,2026-07-30 04:09:15,PROD-2391,Books,10.0,,Credit Card,Failed
TXN-10464,ORD-50464,CUST-297,user_561@outlook.com,2026-07-28 02:05:31,PROD-3926,Sports,,43.89,Debit Card,Failed
TXN-10465,ORD-50465,CUST-644,user_292@yahoo.com,2026-07-30 14:05:17,PROD-8629,Books,9.0,91.25,UPI,Pending
TXN-10466,ORD-50466,CUST-900,user_185@yahoo.com,2026-08-01 03:29:56,PROD-2642,Books,8.0,28.78,Credit Card,Pending
TXN-10467,ORD-50467,CUST-327,user_520@company.org,2026-07-26 12:16:32,PROD-6691,Electronics,8.0,57.25,Debit Card,Failed
TXN-10468,ORD-50468,CUST-558,user_852@gmail.com,2026-07-30 16:02:48,PROD-2697,Sports,-4.0,159.36,UPI,Pending
TXN-10469,ORD-50469,CUST-979,user_149@gmail.com,2026-07-27 18:08:58,PROD-7251,Home & Kitchen,9.0,88.39,PayPal,Completed
TXN-10470,ORD-50470,CUST-718,user_423@yahoo.com,2026-08-01 07:48:26,PROD-3986,Books,3.0,240.76,PayPal,Pending
TXN-10471,ORD-50471,CUST-819,user_594@outlook.com,2026-07-26 13:23:17,PROD-4229,Books,3.0,224.31,PayPal,Failed
TXN-10472,ORD-50472,CUST-210,user_455@yahoo.com,2026-07-28 16:13:51,PROD-1131,Books,1.0,0.0,Debit Card,Failed
TXN-10473,ORD-50473,CUST-460,user_466@yahoo.com,2026-07-29 03:12:14,PROD-4667,Apparel,10.0,127.33,UPI,Completed
TXN-10474,ORD-50474,CUST-847,user_863@company.org,2026-07-26 23:04:44,PROD-3615,Home & Kitchen,0.0,33.58,PayPal,Pending
TXN-10475,ORD-50475,CUST-702,user_894@outlook.com,2026-07-31 13:43:16,PROD-6301,Sports,10.0,99.15,PayPal,Completed
TXN-10476,ORD-50476,CUST-291,user_364@company.org,2026-07-30 09:49:35,PROD-1935,Apparel,5.0,221.11,PayPal,Pending
TXN-10477,ORD-50477,CUST-433,user_386@company.org,2026-07-29 14:03:11,PROD-6172,Apparel,6.0,9.78,Credit Card,Pending
TXN-10478,ORD-50478,CUST-725,user_746gmail.com,2026-07-30 23:31:35,PROD-4742,Books,8.0,72.84,Credit Card,Pending
TXN-10479,ORD-50479,CUST-205,user_153@yahoo.com,2026-07-28 06:08:54,PROD-1589,Electronics,3.0,344.46,Debit Card,Pending
TXN-10480,ORD-50480,CUST-149,user_675@yahoo.com,2026-07-31 03:01:59,PROD-6090,Sports,5.0,337.29,Credit Card,Pending
TXN-10481,ORD-50481,CUST-599,user_367@yahoo.com,2026-07-29 22:55:13,PROD-7933,Electronics,5.0,-38.91,PayPal,Pending
TXN-10482,ORD-50482,CUST-192,user_495@yahoo.com,2026-07-28 02:26:37,PROD-8620,Beauty,4.0,15.23,UPI,Completed
TXN-10483,ORD-50483,CUST-125,user_717@outlook.com,2026-07-27 14:03:32,PROD-7617,Apparel,9.0,38.47,Credit Card,Failed
TXN-10484,ORD-50484,CUST-671,user_117@yahoo.com,2026-07-31 19:16:48,PROD-7551,Books,8.0,390.41,PayPal,Completed
TXN-10485,ORD-50485,CUST-143,user_476@gmail.com,2026-07-30 07:55:48,PROD-1689,Books,4.0,249.72,Debit Card,Pending
TXN-10486,ORD-50486,CUST-280,user_723@company.org,2026-07-26 23:02:44,PROD-5369,Beauty,9.0,367.27,UPI,Failed
TXN-10487,ORD-50487,CUST-765,user_940@company.org,2026-07-27 09:36:34,PROD-6417,Sports,9.0,443.47,Credit Card,Completed
TXN-10488,ORD-50488,CUST-374,user_741@gmail.com,2026-07-31 15:33:18,PROD-7063,Books,5.0,47.39,UPI,Failed
TXN-10489,ORD-50489,CUST-974,user_171@company.org,2026-07-29 18:31:34,PROD-1422,Home & Kitchen,3.0,261.93,Debit Card,Completed
TXN-10490,ORD-50490,CUST-240,user_749@company.org,2026-08-01 02:10:03,PROD-2390,Electronics,10.0,209.99,Debit Card,Completed
TXN-10491,ORD-50491,CUST-791,user_907@company.org,2027-01-19 16:25:04,PROD-8219,Beauty,9.0,46.87,UPI,Pending
TXN-10492,ORD-50492,CUST-865,user_255@outlook.com,2026-07-28 01:33:29,PROD-7898,Electronics,9.0,183.93,Debit Card,Failed
TXN-10493,ORD-50493,CUST-271,user_843@yahoo.com,2026-07-30 13:29:05,PROD-1178,Sports,4.0,356.23,UPI,Failed
TXN-10494,ORD-50494,CUST-387,user_976@gmail.com,2026-07-30 16:07:07,PROD-6321,Books,2.0,350.06,Debit Card,Failed
TXN-10495,ORD-50495,CUST-303,user_137@company.org,2026-07-29 03:52:37,PROD-3360,Sports,9.0,304.46,PayPal,Completed
TXN-10496,ORD-50496,CUST-195,user_519@yahoo.com,2026-07-26 04:54:52,PROD-7679,Home & Kitchen,8.0,380.31,Debit Card,Pending
TXN-10497,ORD-50497,CUST-303,user_584@gmail.com,2026-07-30 20:21:03,PROD-8052,Beauty,7.0,175.65,Debit Card,Completed
TXN-10498,ORD-50498,CUST-332,user_212@outlook.com,2026-07-30 13:05:08,PROD-2432,Beauty,1.0,397.01,Debit Card,Pending
TXN-10499,ORD-50499,CUST-339,user_694@gmail.com,2026-07-27 02:56:59,PROD-7867,Books,4.0,195.25,PayPal,Failed
TXN-10500,ORD-50500,CUST-902,user_149@outlook.com,2026-07-29 15:03:12,PROD-7134,Books,2.0,170.99,UPI,Completed
TXN-10501,ORD-50501,CUST-438,user_790@outlook.com,2026-07-27 22:02:46,PROD-6270,Sports,3.0,370.72,PayPal,Pending
TXN-10502,ORD-50502,CUST-971,user_107@company.org,2026-07-29 20:47:26,PROD-4121,Sports,9.0,,Credit Card,Failed
TXN-10503,ORD-50471,CUST-502,user_725@gmail.com,2026-07-26 11:32:40,PROD-3408,Books,5.0,194.13,Credit Card,Pending
TXN-10504,ORD-50504,CUST-276,user_292@company.org,2026-07-25 15:00:27,PROD-4520,Books,2.0,496.3,PayPal,Completed
TXN-10505,ORD-50505,CUST-844,user_719@yahoo.com,2026-07-25 15:14:50,PROD-9446,Electronics,7.0,328.64,PayPal,Pending
TXN-10506,ORD-50506,CUST-740,user_678@company.org,2026-07-28 04:31:43,PROD-3047,Electronics,-4.0,123.53,Credit Card,Pending
TXN-10507,ORD-50507,CUST-646,user_349@outlook.com,2026-07-29 21:35:08,PROD-8801,Home & Kitchen,5.0,259.8,UPI,Pending
TXN-10508,ORD-50508,CUST-934,user_946@yahoo.com,2026-07-31 20:46:41,PROD-3786,Books,,489.26,Credit Card,Failed
TXN-10509,ORD-50509,CUST-606,user_241@outlook.com,2026-07-30 20:03:02,PROD-2797,Home & Kitchen,,234.07,UPI,Completed
TXN-10510,ORD-50510,CUST-718,user_361@gmail.com,2026-07-31 08:59:59,PROD-6900,Home & Kitchen,,299.58,Debit Card,Failed
TXN-10511,ORD-50511,CUST-756,user_854@yahoo.com,2026-07-31 06:55:34,PROD-2593,Electronics,7.0,61.66,Debit Card,Failed
TXN-10512,ORD-50512,CUST-262,user_993@outlook.com,2026-07-29 04:30:50,PROD-5078,Sports,3.0,413.75,Debit Card,Failed
TXN-10513,ORD-50513,CUST-615,user_754@yahoo.com,2026-07-26 19:18:45,PROD-1473,Apparel,1.0,0.0,UPI,Completed
TXN-10514,ORD-50514,CUST-503,user_827@company.org,2026-07-26 01:35:24,PROD-2940,Apparel,6.0,116.3,PayPal,Pending
TXN-10515,ORD-50515,CUST-689,user_745@gmail.com,2026-07-28 12:21:51,PROD-1808,Apparel,1.0,413.38,PayPal,Pending
TXN-10516,ORD-50516,CUST-341,user_227@company.org,2026-07-28 16:31:54,PROD-3454,Beauty,0.0,186.82,UPI,Pending
TXN-10517,ORD-50517,CUST-603,user_798@yahoo.com,2026-07-25 13:08:00,PROD-8454,Sports,4.0,223.43,Credit Card,Completed
TXN-10518,ORD-50518,CUST-474,user_212@company.org,2026-07-25 21:22:22,PROD-9742,Home & Kitchen,9.0,175.16,UPI,Completed
TXN-10519,ORD-50519,CUST-302,user_956@outlook.com,2026-07-28 03:38:40,PROD-1175,Home & Kitchen,8.0,,Credit Card,Completed
TXN-10520,ORD-50520,CUST-135,user_278@gmail.com,2026-07-30 06:15:59,PROD-3539,Books,2.0,269.87,Debit Card,Failed
TXN-10521,ORD-50521,CUST-715,user_465@gmail.com,2026-07-25 15:48:17,PROD-5021,Sports,7.0,467.62,Credit Card,Completed
TXN-10522,ORD-50522,CUST-598,user_418@gmail,2026-07-25 15:46:05,PROD-1655,Electronics,2.0,435.94,UPI,Failed
TXN-10523,ORD-50523,CUST-195,user_472@company.org,2026-07-26 12:25:36,PROD-4806,Electronics,4.0,275.29,PayPal,Pending
TXN-10524,ORD-50524,CUST-492,user_386@gmail.com,2026-07-26 06:14:57,PROD-1263,Electronics,8.0,21.57,Debit Card,Pending
TXN-10525,ORD-50525,CUST-661,user_983@yahoo.com,2026-07-26 21:08:45,PROD-8503,Apparel,7.0,14.64,Credit Card,Pending
TXN-10526,ORD-50526,CUST-994,user_100@gmail,2026-07-27 03:36:03,PROD-9855,Sports,3.0,100.53,Debit Card,Completed
TXN-10527,ORD-50527,CUST-423,user_290@yahoo.com,2026-07-30 21:33:19,PROD-9346,Sports,0.0,239.02,UPI,Completed
TXN-10528,ORD-50528,CUST-120,user_459@outlook.com,2026-07-27 05:02:23,PROD-5591,Apparel,1.0,474.13,Credit Card,Failed
TXN-10529,ORD-50529,CUST-998,user_260gmail.com,2026-07-28 23:52:16,PROD-8206,Apparel,4.0,482.26,PayPal,Pending
TXN-10530,ORD-50530,CUST-934,user_481@yahoo.com,2026-07-29 10:31:18,PROD-6427,Beauty,5.0,311.42,PayPal,Pending
TXN-10531,ORD-50531,CUST-945,user_252@outlook.com,2026-07-26 23:12:20,PROD-7956,Beauty,4.0,416.83,Debit Card,Failed
TXN-10532,ORD-50532,CUST-541,user_180@gmail.com,2026-07-25 17:10:25,PROD-3102,Electronics,5.0,58.08,Debit Card,Completed
TXN-10533,ORD-50533,CUST-979,user_100@gmail.com,2026-07-26 07:56:53,PROD-5975,Sports,7.0,246.44,UPI,Completed
TXN-10534,ORD-50534,CUST-870,user_230@company.org,2026-07-29 09:13:59,PROD-1379,Apparel,3.0,364.43,PayPal,Completed
TXN-10535,ORD-50438,CUST-603,user_622@gmail.com,2026-07-26 22:11:06,PROD-5757,Books,10.0,38.23,UPI,Failed
TXN-10536,ORD-50536,CUST-720,user_113@gmail.com,2026-07-30 03:55:30,PROD-4204,Electronics,5.0,494.61,PayPal,Failed
TXN-10537,ORD-50537,CUST-611,user_802@gmail.com,2026-07-30 22:47:30,PROD-4356,Apparel,4.0,189.27,PayPal,Failed
TXN-10538,ORD-50538,,user_106@company.org,2026-07-30 13:35:51,PROD-3238,Books,2.0,253.32,Debit Card,Pending
TXN-10539,ORD-50539,CUST-399,user_802@yahoo.com,2026-07-30 15:17:51,PROD-3602,Sports,3.0,371.33,UPI,Pending
TXN-10540,ORD-50540,CUST-394,user_252@yahoo.com,2026-07-31 02:18:07,PROD-2233,Beauty,2.0,0.0,PayPal,Completed
TXN-10541,ORD-50541,CUST-449,user_928@outlook.com,2026-07-27 16:21:55,PROD-7511,Electronics,1.0,111.72,UPI,Completed
TXN-10542,ORD-50542,CUST-974,user_964@company.org,2026-07-26 05:41:31,PROD-8607,Beauty,2.0,463.96,PayPal,Completed
TXN-10543,ORD-50543,CUST-799,user_239@company.org,2026-07-29 00:34:24,PROD-9737,Home & Kitchen,4.0,356.75,Credit Card,Pending
TXN-10544,ORD-50544,CUST-615,user_900@gmail.com,2026-07-31 09:05:56,PROD-6547,Sports,7.0,156.91,Debit Card,Pending
TXN-10545,ORD-50545,CUST-183,user_187@yahoo.com,2026-07-31 17:52:32,PROD-4411,Apparel,8.0,347.23,Debit Card,Completed
TXN-10546,ORD-50546,CUST-342,user_705@company.org,2026-07-28 17:23:32,PROD-6099,Electronics,2.0,234.78,Debit Card,Completed
TXN-10547,ORD-50547,CUST-958,user_231@gmail.com,2026-07-31 10:33:57,PROD-4548,Beauty,1.0,166.42,UPI,Failed
TXN-10548,ORD-50548,CUST-456,user_214@yahoo.com,2026-08-01 07:33:50,PROD-8800,Beauty,9.0,-46.01,UPI,Completed
TXN-10549,ORD-50549,CUST-330,user_980@gmail.com,2026-07-29 11:32:34,PROD-1465,Sports,9.0,-143.47,PayPal,Completed
TXN-10550,ORD-50550,CUST-595,user_231@company.org,2026-07-27 18:04:18,PROD-2543,Sports,8.0,403.96,Credit Card,Completed
TXN-10551,ORD-50551,CUST-315,user_325@outlook.com,2026-07-28 19:29:16,PROD-3585,Electronics,9.0,178.18,PayPal,Completed
TXN-10552,ORD-50552,CUST-189,user_666@gmail,2026-07-30 17:24:55,PROD-8556,Sports,10.0,285.09,Credit Card,Completed
TXN-10553,ORD-50553,CUST-363,user_627gmail.com,2026-07-27 01:53:56,PROD-7140,Home & Kitchen,10.0,495.0,UPI,Failed
TXN-10554,ORD-50554,CUST-581,user_915@yahoo.com,2026-07-30 18:32:40,PROD-5570,Home & Kitchen,6.0,216.7,PayPal,Pending
TXN-10555,ORD-50555,CUST-410,user_936@outlook.com,2026-07-30 14:16:08,PROD-1965,Electronics,3.0,217.33,PayPal,Completed
TXN-10556,ORD-50556,CUST-436,user_513@outlook.com,2026-07-27 21:15:45,PROD-4884,Beauty,-5.0,237.27,Credit Card,Completed
TXN-10557,ORD-50557,CUST-650,user_781@outlook.com,2026-07-30 06:50:01,PROD-1715,Apparel,7.0,428.55,UPI,Completed
TXN-10558,ORD-50558,CUST-955,user_874@company.org,2026-09-11 16:25:04,PROD-9368,Sports,2.0,252.18,PayPal,Failed
TXN-10559,ORD-50559,CUST-389,user_135@yahoo.com,2026-07-27 18:39:57,PROD-7958,Apparel,5.0,274.46,Debit Card,Failed
TXN-10560,ORD-50560,CUST-166,user_799@outlook.com,2026-07-27 19:36:37,PROD-8340,Apparel,1.0,469.38,Debit Card,Completed
TXN-10561,ORD-50561,CUST-389,user_306gmail.com,2026-07-26 12:40:56,PROD-5708,Home & Kitchen,5.0,453.6,Credit Card,Pending
TXN-10562,ORD-50562,CUST-409,user_974@company.org,2026-07-31 08:38:29,PROD-4209,Beauty,10.0,321.95,UPI,Failed
TXN-10563,ORD-50563,CUST-495,user_878@company.org,2026-07-26 07:38:57,PROD-9666,Sports,9.0,319.5,PayPal,Pending
TXN-10564,ORD-50564,CUST-822,user_278@outlook.com,2026-07-31 12:03:52,PROD-8161,Beauty,3.0,400.66,UPI,Completed
TXN-10565,ORD-50565,CUST-941,user_825@company.org,2026-07-25 11:36:42,PROD-9022,Electronics,2.0,438.71,UPI,Pending
TXN-10566,ORD-50566,CUST-852,user_144@outlook.com,2026-07-27 09:53:45,PROD-7479,Books,1.0,368.09,PayPal,Completed
TXN-10567,ORD-50567,CUST-913,user_165@outlook.com,2026-08-01 02:43:23,PROD-4076,Apparel,9.0,422.36,Debit Card,Pending
TXN-10568,ORD-50568,CUST-343,user_151@outlook.com,2026-08-01 03:16:58,PROD-8976,Apparel,,322.97,PayPal,Completed
TXN-10569,ORD-50569,CUST-372,user_197@gmail.com,2026-07-31 14:16:37,PROD-5506,Sports,9.0,32.4,UPI,Failed
TXN-10570,ORD-50570,CUST-270,user_827@company.org,2026-07-27 17:35:20,PROD-4967,Home & Kitchen,3.0,472.61,Credit Card,Completed
TXN-10571,ORD-50571,CUST-528,user_111@yahoo.com,2026-07-27 15:16:02,PROD-4752,Electronics,-3.0,349.27,Credit Card,Failed
TXN-10572,ORD-50572,CUST-851,user_757@yahoo.com,2026-07-26 11:33:12,PROD-2595,Apparel,2.0,8.41,UPI,Failed
TXN-10573,ORD-50573,CUST-682,user_668@yahoo.com,2026-07-31 21:44:01,PROD-1300,Home & Kitchen,10.0,399.52,PayPal,Failed
TXN-10574,ORD-50574,CUST-419,user_860@outlook.com,2026-07-27 21:54:22,PROD-3815,Electronics,8.0,230.24,Debit Card,Completed
TXN-10575,ORD-50575,CUST-691,user_104@company.org,2026-07-30 11:11:13,PROD-4457,Books,2.0,401.48,PayPal,Completed
TXN-10576,ORD-50576,CUST-325,user_878@gmail.com,2026-07-28 16:00:05,PROD-9940,Electronics,6.0,102.43,UPI,Pending
TXN-10577,ORD-50577,CUST-837,user_635@outlook.com,2026-07-29 22:05:09,PROD-1882,Beauty,9.0,186.99,Debit Card,Completed
TXN-10578,ORD-50578,CUST-830,user_765@yahoo.com,2026-07-31 16:53:50,PROD-2586,Books,9.0,138.88,Debit Card,Pending
TXN-10579,ORD-50579,CUST-254,user_477@company.org,2026-07-28 02:02:42,PROD-5554,Sports,8.0,274.41,Credit Card,Completed
TXN-10580,ORD-50580,CUST-451,user_343@yahoo.com,2026-08-01 07:55:02,PROD-8497,Electronics,4.0,159.55,UPI,Completed
TXN-10581,ORD-50581,CUST-817,user_971@outlook.com,2026-07-31 06:17:13,PROD-1621,Home & Kitchen,6.0,200.2,PayPal,Failed
TXN-10582,ORD-50582,CUST-684,user_792@yahoo.com,2026-07-26 09:38:43,PROD-6825,Electronics,8.0,240.0,UPI,Failed
TXN-10583,ORD-50583,CUST-845,user_724@company.org,2026-07-30 06:08:23,PROD-1688,Apparel,10.0,39.06,UPI,Completed
TXN-10584,ORD-50584,CUST-703,user_951@gmail.com,2026-07-27 22:59:01,PROD-1123,Beauty,10.0,225.01,Credit Card,Failed
TXN-10585,ORD-50585,CUST-648,user_437@gmail.com,2026-07-27 03:34:18,PROD-6642,Apparel,8.0,0.0,Credit Card,Failed
TXN-10586,ORD-50586,CUST-191,user_741@company.org,2026-07-31 17:37:35,PROD-2924,Beauty,,457.31,PayPal,Failed
TXN-10587,ORD-50587,CUST-352,user_389@gmail.com,2026-07-26 05:34:07,PROD-9533,Electronics,5.0,24.23,PayPal,Completed
TXN-10588,ORD-50588,CUST-811,user_453@gmail.com,2026-07-27 22:01:01,PROD-3800,Beauty,4.0,137.35,Debit Card,Pending
TXN-10589,ORD-50589,CUST-740,user_251@company.org,2026-07-29 15:10:05,PROD-4636,Apparel,4.0,217.35,Credit Card,Completed
TXN-10590,ORD-50590,,user_188@outlook.com,2026-07-30 18:02:37,PROD-8421,Beauty,8.0,486.58,Credit Card,Pending
TXN-10591,ORD-50591,CUST-402,user_680@outlook.com,2026-07-27 03:29:55,PROD-2734,Home & Kitchen,5.0,384.26,Debit Card,Failed
TXN-10592,ORD-50592,CUST-875,user_470@gmail.com,2026-07-29 11:42:25,PROD-3533,Electronics,4.0,450.66,UPI,Completed
TXN-10593,ORD-50593,CUST-179,user_587@company.org,2026-07-25 11:02:10,PROD-4820,Electronics,4.0,430.94,Credit Card,Pending
TXN-10594,ORD-50594,CUST-540,user_201@outlook.com,2026-07-31 04:43:19,PROD-8477,Electronics,-4.0,150.07,Credit Card,Failed
TXN-10595,ORD-50595,CUST-379,user_798@gmail.com,2026-07-28 15:21:07,PROD-3844,Books,6.0,94.9,PayPal,Failed
TXN-10596,ORD-50596,CUST-355,user_458@gmail.com,2026-07-28 20:05:31,PROD-8662,Books,5.0,444.97,PayPal,Completed
TXN-10597,ORD-50597,CUST-480,user_221@company.org,2026-07-25 15:21:37,PROD-4670,Apparel,1.0,366.96,Credit Card,Failed
TXN-10598,ORD-50598,CUST-709,user_390@company.org,2026-07-28 21:49:32,PROD-4761,Sports,5.0,305.23,PayPal,Completed
TXN-10599,ORD-50599,CUST-392,user_694@yahoo.com,2026-07-31 20:03:20,PROD-8255,Books,2.0,261.18,PayPal,Pending
TXN-10600,ORD-50600,CUST-900,user_404@gmail.com,2026-07-29 23:00:03,PROD-8758,Sports,6.0,105.29,Debit Card,Completed
TXN-10601,ORD-50601,CUST-268,user_905@gmail.com,2026-07-26 00:56:16,PROD-6892,Beauty,4.0,38.28,PayPal,Pending
TXN-10602,ORD-50602,CUST-947,user_414@company.org,2026-07-28 20:50:10,PROD-7414,Books,5.0,458.81,UPI,Completed
TXN-10603,ORD-50603,,user_462@gmail.com,2026-07-30 17:36:48,PROD-4138,Home & Kitchen,1.0,466.21,Credit Card,Pending
TXN-10604,ORD-50604,CUST-805,user_393@yahoo.com,2026-08-01 04:17:51,PROD-3763,Books,6.0,16.6,Credit Card,Completed
TXN-10605,ORD-50605,CUST-468,user_270@outlook.com,2026-07-27 02:04:33,PROD-3802,Beauty,10.0,139.64,Debit Card,Completed
TXN-10606,ORD-50606,CUST-849,user_617@company.org,2026-08-01 02:16:05,PROD-8297,Home & Kitchen,5.0,409.0,Credit Card,Failed
TXN-10607,ORD-50607,CUST-605,user_446@company.org,2026-07-28 01:07:41,PROD-9433,Apparel,4.0,76.38,PayPal,Pending
TXN-10608,ORD-50608,CUST-457,user_141@outlook.com,2026-08-01 02:40:19,PROD-8259,Sports,2.0,174.81,UPI,Completed
TXN-10609,ORD-50609,CUST-795,user_152@company.org,2026-07-30 21:38:48,PROD-6043,Books,3.0,126.31,PayPal,Completed
TXN-10610,ORD-50610,CUST-893,user_194@outlook.com,2026-07-26 05:35:03,PROD-6572,Home & Kitchen,10.0,406.33,Debit Card,Pending
TXN-10611,ORD-50611,CUST-510,user_323@outlook.com,2026-07-26 15:23:47,PROD-8855,Beauty,,85.05,UPI,Pending
TXN-10612,ORD-50612,,user_655@yahoo.com,2026-07-31 06:06:56,PROD-9843,Apparel,6.0,410.14,Credit Card,Pending
TXN-10613,ORD-50613,CUST-291,user_866@outlook.com,2026-07-28 21:47:05,PROD-8861,Beauty,0.0,212.27,UPI,Failed
TXN-10614,ORD-50614,CUST-488,user_771@gmail.com,2026-07-30 10:12:39,PROD-9583,Electronics,10.0,84.81,Credit Card,Completed
TXN-10615,ORD-50615,CUST-144,user_637@yahoo.com,2026-08-01 04:35:23,PROD-9111,Sports,2.0,392.11,Debit Card,Completed
TXN-10616,ORD-50616,CUST-279,user_205@outlook.com,2026-07-26 19:22:10,PROD-5104,Home & Kitchen,8.0,392.27,UPI,Pending
TXN-10617,ORD-50617,CUST-921,user_459@company.org,2026-07-26 05:59:09,PROD-3590,Apparel,-3.0,89.08,UPI,Completed
TXN-10618,ORD-50618,CUST-744,user_819@company.org,2026-07-26 17:29:25,PROD-6639,Apparel,5.0,184.43,UPI,Pending
TXN-10619,ORD-50619,CUST-264,user_769@outlook.com,2026-07-25 21:17:09,PROD-7196,Beauty,3.0,182.11,UPI,Pending
TXN-10620,ORD-50620,CUST-646,user_118@company.org,2026-07-29 06:36:02,PROD-1831,Apparel,6.0,355.12,UPI,Failed
TXN-10621,ORD-50621,,user_118@gmail.com,2026-07-31 06:54:35,PROD-8588,Electronics,7.0,283.41,PayPal,Completed
TXN-10622,ORD-50622,CUST-415,user_278@gmail.com,2026-07-26 17:38:41,PROD-5986,Apparel,8.0,461.37,Credit Card,Completed
TXN-10623,ORD-50623,CUST-727,user_702@outlook.com,2026-07-27 10:27:30,PROD-1166,Beauty,5.0,488.18,UPI,Completed
TXN-10624,ORD-50624,CUST-697,user_617@yahoo.com,2026-07-27 09:45:17,PROD-7352,Books,1.0,302.4,Debit Card,Completed
TXN-10625,ORD-50625,CUST-378,user_466@outlook.com,2026-07-28 16:51:44,PROD-9914,Beauty,7.0,25.31,UPI,Pending
TXN-10626,ORD-50626,CUST-151,user_565@company.org,2026-08-01 05:43:55,PROD-9779,Beauty,9.0,11.39,Debit Card,Failed
TXN-10627,ORD-50627,CUST-537,user_534@gmail.com,2026-07-31 09:33:40,PROD-3482,Home & Kitchen,5.0,284.63,PayPal,Pending
TXN-10628,ORD-50628,CUST-541,user_352@outlook.com,2026-07-28 06:27:46,PROD-2446,Sports,5.0,152.07,Credit Card,Completed
TXN-10629,ORD-50629,CUST-988,user_459@gmail.com,2026-07-27 15:42:31,PROD-7387,Books,5.0,452.47,UPI,Failed
TXN-10630,ORD-50630,CUST-848,user_238@yahoo.com,2026-07-28 02:08:42,PROD-3869,Home & Kitchen,4.0,195.14,Debit Card,Completed
TXN-10631,ORD-50631,CUST-312,user_934@yahoo.com,2026-07-28 13:51:31,PROD-2950,Beauty,0.0,179.09,PayPal,Failed
TXN-10632,ORD-50632,CUST-240,user_350@outlook.com,2026-07-31 19:00:59,PROD-7824,Beauty,1.0,-32.85,PayPal,Failed
TXN-10633,ORD-50633,CUST-746,user_697@gmail.com,2026-07-25 20:15:08,PROD-3022,Beauty,9.0,491.97,PayPal,Pending
TXN-10634,ORD-50634,CUST-410,user_356@outlook.com,2026-07-27 16:27:39,PROD-6809,Apparel,0.0,186.57,Credit Card,Pending
TXN-10635,ORD-50635,CUST-706,user_434@gmail.com,2026-07-27 02:59:16,PROD-7862,Apparel,2.0,251.98,UPI,Pending
TXN-10636,ORD-50636,CUST-354,user_152@outlook.com,2026-07-29 04:15:21,PROD-4700,Home & Kitchen,7.0,11.16,UPI,Failed
TXN-10637,ORD-50637,CUST-241,user_566@outlook.com,2026-07-25 21:28:53,PROD-6538,Electronics,10.0,-44.21,Credit Card,Pending
TXN-10638,ORD-50638,CUST-115,user_984@company.org,2026-07-27 17:52:06,PROD-2849,Books,6.0,0.0,Credit Card,Completed
TXN-10639,ORD-50639,CUST-462,user_593@yahoo.com,2026-07-25 19:57:43,PROD-1335,Sports,9.0,169.77,PayPal,Pending
TXN-10640,ORD-50640,CUST-308,user_834@company.org,2026-07-25 14:24:51,PROD-4407,Home & Kitchen,7.0,183.28,PayPal,Completed
TXN-10641,ORD-50641,CUST-406,user_801@gmail.com,2026-07-27 20:36:44,PROD-1672,Home & Kitchen,9.0,218.91,PayPal,Pending
TXN-10642,ORD-50642,CUST-876,user_327@company.org,2026-07-26 06:56:52,PROD-3205,Apparel,,183.51,Debit Card,Pending
TXN-10643,ORD-50643,CUST-274,user_321@yahoo.com,2026-07-31 10:05:55,PROD-4137,Home & Kitchen,8.0,318.03,UPI,Failed
TXN-10644,ORD-50644,CUST-864,user_760@company.org,2026-07-30 14:16:34,PROD-5614,Books,4.0,0.0,Debit Card,Pending
TXN-10645,ORD-50645,CUST-272,user_280@gmail.com,2026-07-31 19:59:56,PROD-6026,Home & Kitchen,3.0,65.82,Credit Card,Completed
TXN-10646,ORD-50646,CUST-943,user_713@outlook.com,2026-07-25 10:13:07,PROD-9416,Home & Kitchen,6.0,454.94,Credit Card,Pending
TXN-10647,ORD-50647,CUST-681,user_774@yahoo.com,2026-07-31 14:20:33,PROD-7223,Electronics,6.0,412.22,PayPal,Pending
TXN-10648,ORD-50648,CUST-471,user_394@gmail.com,2026-07-26 21:39:37,PROD-6414,Books,1.0,476.93,Debit Card,Completed
TXN-10649,ORD-50649,CUST-916,user_478@yahoo.com,2026-07-30 05:43:23,PROD-4384,Apparel,1.0,283.3,UPI,Pending
TXN-10650,ORD-50650,CUST-980,user_337@outlook.com,2026-07-27 04:39:28,PROD-5381,Beauty,7.0,248.65,Debit Card,Failed
TXN-10651,ORD-50651,CUST-255,user_697@yahoo.com,2026-07-31 06:50:09,PROD-6023,Beauty,2.0,215.29,Debit Card,Completed
TXN-10652,ORD-50652,CUST-605,user_837@gmail.com,2027-06-05 16:25:04,PROD-6978,Sports,4.0,215.57,UPI,Completed
TXN-10653,ORD-50653,CUST-570,user_619@company.org,2026-07-31 10:35:54,PROD-9506,Home & Kitchen,4.0,49.19,Credit Card,Pending
TXN-10654,ORD-50654,CUST-199,user_326@company.org,2026-07-28 04:26:58,PROD-7858,Books,3.0,79.22,Credit Card,Pending
TXN-10655,ORD-50655,CUST-902,user_674@outlook.com,2026-08-01 07:29:46,PROD-8428,Beauty,9.0,243.13,Credit Card,Completed
TXN-10656,ORD-50656,CUST-672,user_499@gmail.com,2026-07-30 19:06:28,PROD-3449,Electronics,1.0,62.01,PayPal,Pending
TXN-10657,ORD-50657,CUST-539,user_234@outlook.com,2026-07-26 22:43:01,PROD-8480,Books,8.0,461.46,Debit Card,Pending
TXN-10658,ORD-50658,CUST-971,user_632@company.org,2026-07-30 05:30:52,PROD-5415,Electronics,5.0,17.0,Credit Card,Failed
TXN-10659,ORD-50659,CUST-557,user_936@yahoo.com,2026-07-27 19:38:19,PROD-5292,Apparel,7.0,357.05,Debit Card,Completed
TXN-10660,ORD-50660,CUST-386,user_811@company.org,2026-07-27 14:44:35,PROD-1301,Beauty,10.0,233.59,Debit Card,Pending
TXN-10661,ORD-50661,CUST-941,user_101@yahoo.com,2026-08-01 01:25:28,PROD-5807,Books,7.0,270.69,PayPal,Failed
TXN-10662,ORD-50662,CUST-470,user_759@outlook.com,2027-07-27 16:25:04,PROD-5161,Books,10.0,54.69,Debit Card,Failed
TXN-10663,ORD-50663,CUST-966,user_799@yahoo.com,2026-07-30 23:02:59,PROD-9945,Books,5.0,368.52,PayPal,Pending
TXN-10664,ORD-50664,CUST-524,user_607@gmail.com,2026-08-01 02:42:02,PROD-2571,Apparel,4.0,452.16,UPI,Completed
TXN-10665,ORD-50665,CUST-876,user_413@gmail.com,2026-07-26 03:04:54,PROD-8042,Sports,1.0,319.57,UPI,Pending
TXN-10666,ORD-50666,CUST-843,user_446@yahoo.com,2026-07-25 18:49:52,PROD-7009,Books,3.0,190.57,PayPal,Completed
TXN-10667,ORD-50667,CUST-362,user_937@company.org,2026-07-31 10:18:01,PROD-4747,Home & Kitchen,10.0,169.71,Debit Card,Failed
TXN-10668,ORD-50668,CUST-995,user_936@gmail.com,2026-07-30 20:48:10,PROD-4753,Apparel,3.0,379.56,UPI,Pending
TXN-10669,ORD-50669,CUST-357,user_391gmail.com,2026-07-25 13:34:13,PROD-1510,Beauty,6.0,92.18,Credit Card,Pending
TXN-10670,ORD-50670,CUST-953,user_202@outlook.com,2026-07-30 14:19:29,PROD-7326,Home & Kitchen,6.0,352.37,UPI,Completed
TXN-10671,ORD-50671,CUST-120,user_443@yahoo.com,2026-07-25 20:44:11,PROD-2423,Books,2.0,356.87,Credit Card,Completed
TXN-10672,ORD-50672,CUST-380,user_808@outlook.com,2026-07-28 12:00:30,PROD-3902,Books,7.0,314.91,PayPal,Failed
TXN-10673,ORD-50673,CUST-770,user_493@gmail.com,2026-07-29 06:43:43,PROD-3237,Beauty,1.0,377.99,Credit Card,Failed
TXN-10674,ORD-50674,CUST-449,user_283@yahoo.com,2026-07-25 20:17:06,PROD-3035,Electronics,2.0,205.5,PayPal,Pending
TXN-10675,ORD-50675,CUST-822,user_487@yahoo.com,2026-07-27 07:48:39,PROD-3016,Apparel,6.0,46.76,UPI,Pending
TXN-10676,ORD-50676,CUST-818,user_885@yahoo.com,2026-07-30 22:16:31,PROD-5908,Apparel,5.0,86.06,UPI,Failed
TXN-10677,ORD-50677,CUST-950,user_481@gmail.com,2026-07-27 19:02:34,PROD-1216,Electronics,10.0,430.24,UPI,Failed
TXN-10678,ORD-50678,CUST-276,user_420@company.org,2026-07-29 14:09:29,PROD-4185,Apparel,-3.0,393.6,Debit Card,Failed
TXN-10679,ORD-50429,CUST-428,user_475@company.org,2026-07-30 04:22:45,PROD-7016,Apparel,2.0,141.39,Credit Card,Completed
TXN-10680,ORD-50680,CUST-279,user_385@gmail.com,2026-07-30 05:17:47,PROD-3347,Books,2.0,7.92,PayPal,Completed
TXN-10681,ORD-50681,CUST-770,user_476@company.org,2026-07-30 05:59:46,PROD-1291,Books,3.0,67.41,Credit Card,Completed
TXN-10682,ORD-50682,CUST-467,user_246@yahoo.com,2026-07-31 23:16:04,PROD-5674,Beauty,7.0,59.21,Credit Card,Pending
TXN-10683,ORD-50683,CUST-454,user_539@company.org,2027-04-21 16:25:04,PROD-3713,Sports,8.0,201.08,Credit Card,Completed
TXN-10684,ORD-50684,CUST-970,user_514@gmail.com,2026-07-29 16:16:12,PROD-5204,Apparel,8.0,440.95,Debit Card,Pending
TXN-10685,ORD-50685,CUST-577,user_526@company.org,2026-07-29 04:33:47,PROD-9671,Electronics,1.0,148.05,Debit Card,Pending
TXN-10686,ORD-50686,CUST-897,user_839@gmail.com,2026-07-26 00:20:59,PROD-9439,Apparel,2.0,114.51,Credit Card,Pending
TXN-10687,ORD-50687,CUST-526,user_572@outlook.com,2026-07-26 04:09:57,PROD-1938,Books,5.0,44.16,UPI,Completed
TXN-10688,ORD-50688,CUST-880,user_613@yahoo.com,2026-07-28 00:21:06,PROD-3748,Sports,6.0,80.48,UPI,Failed
TXN-10689,ORD-50689,CUST-235,user_277@yahoo.com,2026-07-27 22:23:35,PROD-3214,Apparel,2.0,136.39,UPI,Failed
TXN-10690,ORD-50690,CUST-217,user_653@company.org,2026-07-26 04:59:23,PROD-6214,Sports,2.0,161.04,UPI,Completed
TXN-10691,ORD-50691,CUST-771,user_251@yahoo.com,2026-07-28 08:10:26,PROD-5700,Books,8.0,214.37,PayPal,Failed
TXN-10692,ORD-50112,CUST-103,user_682@yahoo.com,2026-07-30 19:34:27,PROD-6314,Books,1.0,451.25,Debit Card,Completed
TXN-10693,ORD-50693,CUST-227,user_197@outlook.com,2026-08-01 09:34:52,PROD-8791,Beauty,0.0,166.53,Credit Card,Completed
TXN-10694,ORD-50694,CUST-508,user_716@yahoo.com,2026-07-27 05:47:40,PROD-3325,Home & Kitchen,7.0,323.92,PayPal,Failed
TXN-10695,ORD-50695,CUST-986,user_589@outlook.com,2026-07-31 15:55:27,PROD-3729,Home & Kitchen,7.0,30.58,PayPal,Failed
TXN-10696,ORD-50696,CUST-207,user_661@company.org,2026-07-27 00:18:03,PROD-7373,Beauty,1.0,170.59,UPI,Failed
TXN-10697,ORD-50697,CUST-323,user_605@outlook.com,2026-07-26 19:11:38,PROD-3630,Apparel,2.0,233.63,Credit Card,Failed
TXN-10698,ORD-50144,CUST-557,user_259@gmail.com,2026-07-28 05:05:44,PROD-9961,Apparel,5.0,464.58,Debit Card,Failed
TXN-10699,ORD-50699,CUST-439,user_620@gmail.com,2026-07-27 06:43:08,PROD-6913,Apparel,1.0,246.57,Debit Card,Failed
TXN-10700,ORD-50700,CUST-459,user_190@yahoo.com,2026-07-26 08:46:10,PROD-2054,Beauty,2.0,26.53,PayPal,Completed
TXN-10701,ORD-50701,CUST-157,user_161@outlook.com,2026-07-29 02:35:32,PROD-2591,Electronics,8.0,83.42,Credit Card,Completed
TXN-10702,ORD-50702,CUST-188,user_918@yahoo.com,2026-07-30 01:10:31,PROD-7734,Sports,1.0,21.92,PayPal,Pending
TXN-10703,ORD-50703,CUST-881,user_260@yahoo.com,2026-07-31 22:26:34,PROD-7051,Sports,1.0,64.15,Credit Card,Failed
TXN-10704,ORD-50704,CUST-983,user_539@company.org,2026-07-29 13:24:34,PROD-5882,Apparel,4.0,217.69,UPI,Failed
TXN-10705,ORD-50705,CUST-836,user_234@gmail.com,2026-08-01 06:20:46,PROD-7643,Home & Kitchen,2.0,367.03,Debit Card,Failed
TXN-10706,ORD-50706,CUST-573,user_978@yahoo.com,2026-07-31 15:14:33,PROD-4759,Electronics,5.0,49.63,Credit Card,Failed
TXN-10707,ORD-50707,CUST-517,user_100@gmail.com,2026-07-28 03:14:58,PROD-8644,Beauty,8.0,176.92,Debit Card,Failed
TXN-10708,ORD-50708,CUST-515,user_836@yahoo.com,2026-07-31 04:24:28,PROD-9391,Sports,5.0,-31.53,Debit Card,Pending
TXN-10709,ORD-50709,CUST-648,user_325@yahoo.com,2026-07-29 06:02:29,PROD-8919,Electronics,0.0,481.08,Debit Card,Failed
TXN-10710,ORD-50710,CUST-547,user_847@gmail.com,2026-07-29 01:10:41,PROD-4155,Books,7.0,220.18,PayPal,Completed
TXN-10711,ORD-50711,CUST-847,user_459@yahoo.com,2026-07-31 14:50:25,PROD-2787,Books,2.0,130.05,Debit Card,Failed
TXN-10712,ORD-50712,CUST-519,user_786gmail.com,2026-07-28 16:15:16,PROD-6175,Home & Kitchen,2.0,88.99,PayPal,Completed
TXN-10713,ORD-50713,CUST-976,user_800gmail.com,2026-07-25 16:18:22,PROD-1405,Home & Kitchen,7.0,155.59,Debit Card,Completed
TXN-10714,ORD-50714,CUST-339,user_601@gmail.com,2026-07-26 19:09:07,PROD-1505,Sports,2.0,243.52,UPI,Completed
TXN-10715,ORD-50715,CUST-782,user_413@yahoo.com,2026-07-26 19:55:39,PROD-5294,Beauty,5.0,318.27,Credit Card,Completed
TXN-10716,ORD-50716,CUST-498,user_827@yahoo.com,2026-07-31 03:57:19,PROD-7417,Apparel,5.0,-135.74,UPI,Pending
TXN-10717,ORD-50717,CUST-201,user_406@outlook.com,2026-07-27 10:13:57,PROD-8202,Books,9.0,71.09,PayPal,Failed
TXN-10718,ORD-50718,CUST-362,user_136@outlook.com,2026-07-31 17:58:35,PROD-7323,Home & Kitchen,9.0,497.53,Debit Card,Completed
TXN-10719,ORD-50719,CUST-790,user_232@outlook.com,2026-07-26 03:13:30,PROD-8745,Sports,2.0,380.75,PayPal,Completed
TXN-10720,ORD-50720,CUST-999,user_560@gmail.com,2026-08-01 06:12:05,PROD-5419,Electronics,4.0,234.9,PayPal,Completed
TXN-10721,ORD-50721,CUST-652,user_633@gmail.com,2026-07-26 00:46:18,PROD-3962,Home & Kitchen,3.0,127.8,PayPal,Pending
TXN-10722,ORD-50722,CUST-795,user_674@outlook.com,2026-07-28 22:58:45,PROD-2519,Electronics,4.0,415.99,Debit Card,Failed
TXN-10723,ORD-50723,CUST-388,user_960gmail.com,2026-07-26 09:58:24,PROD-5211,Apparel,1.0,175.22,Credit Card,Completed
TXN-10724,ORD-50724,CUST-456,user_956@outlook.com,2026-07-31 21:15:25,PROD-1277,Books,6.0,364.7,PayPal,Failed
TXN-10725,ORD-50725,CUST-879,user_975@gmail.com,2026-07-30 16:31:25,PROD-9524,Beauty,5.0,369.23,Debit Card,Pending
TXN-10726,ORD-50726,CUST-285,user_263@company.org,2026-07-26 18:35:09,PROD-6119,Electronics,9.0,189.75,Credit Card,Failed
TXN-10727,ORD-50727,CUST-101,user_868@outlook.com,2026-07-27 18:08:44,PROD-8508,Apparel,3.0,430.52,Debit Card,Failed
TXN-10728,ORD-50728,CUST-224,user_976@gmail.com,2026-07-29 00:02:36,PROD-6595,Home & Kitchen,,392.56,Credit Card,Failed
TXN-10729,ORD-50729,CUST-371,user_864@yahoo.com,2026-07-31 22:36:15,PROD-9332,Apparel,1.0,385.15,PayPal,Pending
TXN-10730,ORD-50730,CUST-110,user_629@outlook.com,2026-07-30 18:19:25,PROD-1008,Apparel,5.0,43.94,PayPal,Failed
TXN-10731,ORD-50731,CUST-858,user_885@company.org,2026-07-25 21:57:27,PROD-5793,Books,7.0,27.48,UPI,Pending
TXN-10732,ORD-50732,CUST-928,user_128@outlook.com,2026-07-29 00:51:33,PROD-8583,Home & Kitchen,3.0,112.04,Debit Card,Failed
TXN-10733,ORD-50733,CUST-108,user_604@company.org,2026-07-25 11:11:27,PROD-5366,Electronics,5.0,323.91,UPI,Failed
TXN-10734,ORD-50734,CUST-966,user_591@outlook.com,2026-07-28 19:31:02,PROD-6547,Sports,5.0,44.78,Credit Card,Pending
TXN-10735,ORD-50735,CUST-216,user_616@company.org,2026-08-01 00:46:40,PROD-2463,Beauty,8.0,141.54,Credit Card,Completed
TXN-10736,ORD-50736,,user_236@company.org,2026-07-27 06:50:12,PROD-2986,Electronics,7.0,232.4,UPI,Completed
TXN-10737,ORD-50737,CUST-754,user_802@outlook.com,2026-07-27 21:10:32,PROD-3492,Beauty,1.0,321.84,PayPal,Completed
TXN-10738,ORD-50738,CUST-789,user_861@company.org,2026-07-28 21:03:55,PROD-3008,Beauty,6.0,96.68,Debit Card,Completed
TXN-10739,ORD-50739,CUST-193,user_288@outlook.com,2026-07-26 20:19:20,PROD-1766,Apparel,8.0,59.76,PayPal,Pending
TXN-10740,ORD-50740,CUST-500,user_493@gmail.com,2026-07-30 21:36:14,PROD-1295,Books,1.0,342.97,UPI,Completed
TXN-10741,ORD-50741,CUST-309,user_588@company.org,2026-07-30 22:15:05,PROD-3318,Apparel,4.0,298.78,Debit Card,Completed
TXN-10742,ORD-50742,CUST-692,user_540@gmail.com,2026-07-29 21:51:05,PROD-8346,Apparel,4.0,8.79,Debit Card,Pending
TXN-10743,ORD-50743,CUST-490,user_118@gmail.com,2026-07-30 20:19:23,PROD-8681,Electronics,7.0,320.42,PayPal,Failed
TXN-10744,ORD-50744,CUST-535,user_893@company.org,2026-07-31 02:35:27,PROD-6947,Electronics,-2.0,282.72,UPI,Completed
TXN-10745,ORD-50745,CUST-192,user_947@yahoo.com,2026-07-26 07:18:25,PROD-8211,Beauty,3.0,188.72,UPI,Completed
TXN-10746,ORD-50746,CUST-351,user_820@company.org,2026-07-25 19:28:00,PROD-3118,Sports,10.0,58.57,PayPal,Completed
TXN-10747,ORD-50747,CUST-581,user_474@outlook.com,2026-07-31 01:28:26,PROD-4798,Beauty,3.0,448.81,Debit Card,Pending
TXN-10748,ORD-50748,CUST-251,user_846@gmail.com,2026-07-28 16:51:18,PROD-6104,Beauty,9.0,254.35,UPI,Pending
TXN-10749,ORD-50749,CUST-988,user_350@gmail.com,2026-07-29 08:21:53,PROD-6187,Electronics,7.0,331.44,PayPal,Failed
TXN-10750,ORD-50750,CUST-311,user_741@gmail.com,2026-07-28 10:44:51,PROD-9195,Home & Kitchen,7.0,487.9,Debit Card,Pending
TXN-10751,ORD-50751,CUST-170,user_805@outlook.com,2026-07-29 09:45:59,PROD-5560,Apparel,1.0,-36.72,Debit Card,Failed
TXN-10752,ORD-50752,CUST-227,user_775@gmail.com,2026-07-30 14:14:38,PROD-4163,Sports,4.0,160.3,UPI,Pending
TXN-10753,ORD-50753,CUST-170,user_786@gmail.com,2026-07-29 11:47:44,PROD-1936,Electronics,3.0,281.37,PayPal,Failed
TXN-10754,ORD-50754,CUST-374,user_519@company.org,2026-07-31 13:42:00,PROD-4574,Home & Kitchen,9.0,370.16,UPI,Pending
TXN-10755,ORD-50755,CUST-860,user_212@yahoo.com,2026-07-31 15:52:49,PROD-3500,Beauty,10.0,448.11,Credit Card,Pending
TXN-10756,ORD-50756,CUST-986,user_105@yahoo.com,2026-07-29 21:31:40,PROD-7152,Home & Kitchen,8.0,315.06,UPI,Failed
TXN-10757,ORD-50757,CUST-279,user_145@gmail.com,2026-07-30 12:23:15,PROD-3101,Books,4.0,427.79,UPI,Failed
TXN-10758,ORD-50758,CUST-703,user_813@yahoo.com,2026-07-28 22:10:52,PROD-3651,Books,9.0,122.13,Debit Card,Completed
TXN-10759,ORD-50759,CUST-136,user_515@outlook.com,2026-07-30 19:25:12,PROD-7490,Sports,7.0,36.79,PayPal,Failed
TXN-10760,ORD-50760,CUST-735,user_423@yahoo.com,2026-07-31 15:07:14,PROD-5267,Sports,8.0,408.62,Credit Card,Completed
TXN-10761,ORD-50761,CUST-362,user_886@gmail.com,2026-07-31 02:36:08,PROD-4803,Home & Kitchen,7.0,85.29,PayPal,Failed
TXN-10762,ORD-50762,CUST-306,user_859@gmail.com,2026-07-25 14:39:57,PROD-6002,Beauty,5.0,,Debit Card,Pending
TXN-10763,ORD-50763,CUST-469,user_922@outlook.com,2026-07-28 10:49:10,PROD-2658,Books,10.0,443.04,PayPal,Pending
TXN-10764,ORD-50764,CUST-417,user_663@company.org,2026-07-27 17:40:46,PROD-6733,Books,5.0,364.51,PayPal,Failed
TXN-10765,ORD-50765,CUST-359,user_244@yahoo.com,2026-07-25 22:56:19,PROD-2399,Apparel,9.0,142.81,UPI,Completed
TXN-10766,ORD-50766,CUST-892,user_832@outlook.com,2026-07-30 23:06:56,PROD-4117,Books,4.0,52.89,Debit Card,Completed
TXN-10767,ORD-50767,CUST-712,user_433@company.org,2026-07-27 12:22:03,PROD-4034,Electronics,2.0,343.12,Credit Card,Completed
TXN-10768,ORD-50768,CUST-576,user_511@outlook.com,2026-07-28 04:32:52,PROD-7408,Sports,6.0,496.23,Credit Card,Completed
TXN-10769,ORD-50769,CUST-469,user_444@outlook.com,2026-08-01 06:20:06,PROD-9426,Books,7.0,391.89,UPI,Failed
TXN-10770,ORD-50770,CUST-977,user_348@gmail.com,2026-07-30 00:11:45,PROD-8702,Beauty,7.0,290.37,Credit Card,Pending
TXN-10771,ORD-50771,CUST-613,user_811@outlook.com,2026-07-26 21:46:31,PROD-5302,Home & Kitchen,2.0,243.58,Debit Card,Pending
TXN-10772,ORD-50772,CUST-350,user_168@company.org,2026-07-29 21:37:58,PROD-2153,Sports,3.0,160.17,Credit Card,Pending
TXN-10773,ORD-50773,CUST-898,user_615@company.org,2026-07-26 23:54:20,PROD-3058,Apparel,6.0,181.46,UPI,Pending
TXN-10774,ORD-50774,CUST-150,user_740@gmail.com,2026-07-27 08:59:43,PROD-8634,Apparel,10.0,271.82,UPI,Completed
TXN-10775,ORD-50775,CUST-473,user_673@yahoo.com,2026-07-27 01:32:41,PROD-3936,Apparel,2.0,315.39,Credit Card,Pending
TXN-10776,ORD-50776,CUST-332,user_705@company.org,2026-07-28 19:31:18,PROD-5457,Beauty,5.0,109.67,Debit Card,Pending
TXN-10777,ORD-50777,CUST-281,user_485@outlook.com,2026-07-28 13:50:11,PROD-6206,Electronics,3.0,488.35,Debit Card,Pending
TXN-10778,ORD-50627,CUST-826,user_503@outlook.com,2026-07-28 22:24:59,PROD-5657,Home & Kitchen,10.0,47.98,UPI,Completed
TXN-10779,ORD-50779,CUST-806,user_771@company.org,2026-07-27 19:03:04,PROD-4576,Beauty,3.0,470.23,PayPal,Failed
TXN-10780,ORD-50780,CUST-423,user_642@gmail.com,2026-07-29 23:59:27,PROD-7513,Books,1.0,181.53,Credit Card,Pending
TXN-10781,ORD-50781,CUST-204,user_273@company.org,2026-07-29 20:00:40,PROD-9957,Electronics,7.0,366.63,Credit Card,Completed
TXN-10782,ORD-50782,CUST-676,user_333@yahoo.com,2026-07-31 17:23:11,PROD-6822,Apparel,4.0,407.87,PayPal,Failed
TXN-10783,ORD-50783,CUST-238,user_632@company.org,2026-07-29 14:47:17,PROD-8840,Beauty,10.0,128.94,Debit Card,Completed
TXN-10784,ORD-50784,CUST-575,user_204@company.org,2026-07-27 06:56:32,PROD-1690,Beauty,7.0,92.22,Debit Card,Completed
TXN-10785,ORD-50785,CUST-370,user_633@outlook.com,2026-07-31 20:17:41,PROD-5664,Home & Kitchen,1.0,258.97,Credit Card,Pending
TXN-10786,ORD-50786,CUST-821,user_558@gmail.com,2026-07-27 23:05:23,PROD-3189,Apparel,9.0,358.0,Credit Card,Failed
TXN-10787,ORD-50787,CUST-338,user_125@gmail.com,2026-07-29 23:14:42,PROD-2819,Home & Kitchen,-2.0,270.77,UPI,Failed
TXN-10788,ORD-50788,CUST-848,user_311@yahoo.com,2026-07-29 04:12:27,PROD-5982,Apparel,10.0,261.49,PayPal,Completed
TXN-10789,ORD-50789,CUST-983,user_809@yahoo.com,2026-07-27 01:36:58,PROD-1338,Electronics,3.0,450.49,PayPal,Failed
TXN-10790,ORD-50790,CUST-199,user_193@outlook.com,2026-07-25 16:04:57,PROD-9808,Home & Kitchen,2.0,284.04,Credit Card,Completed
TXN-10791,ORD-50791,,user_778@gmail.com,2026-07-27 07:59:15,PROD-8245,Apparel,9.0,435.17,Credit Card,Completed
TXN-10792,ORD-50792,CUST-395,user_910@yahoo.com,2026-07-30 15:44:00,PROD-4694,Electronics,8.0,152.78,UPI,Completed
TXN-10793,ORD-50793,CUST-436,user_468@yahoo.com,2026-07-28 12:04:08,PROD-6068,Sports,2.0,485.93,UPI,Pending
TXN-10794,ORD-50794,CUST-317,user_893@yahoo.com,2026-07-26 18:19:16,PROD-4252,Books,4.0,166.12,Debit Card,Completed
TXN-10795,ORD-50277,CUST-941,user_629@company.org,2026-07-27 05:58:46,PROD-6956,Home & Kitchen,1.0,114.9,Credit Card,Failed
TXN-10796,ORD-50796,CUST-433,user_508@outlook.com,2026-07-30 01:24:43,PROD-2485,Electronics,3.0,461.14,Debit Card,Completed
TXN-10797,ORD-50797,CUST-351,user_491gmail.com,2026-07-29 11:12:49,PROD-3224,Apparel,6.0,22.5,Debit Card,Completed
TXN-10798,ORD-50798,CUST-767,user_512@yahoo.com,2026-07-31 23:07:01,PROD-8945,Sports,10.0,400.96,UPI,Failed
TXN-10799,ORD-50799,CUST-193,user_127@outlook.com,2026-07-29 01:25:28,PROD-7417,Home & Kitchen,7.0,332.64,Debit Card,Failed
TXN-10800,ORD-50800,CUST-975,user_133@outlook.com,2026-07-28 17:52:12,PROD-2465,Books,4.0,170.79,UPI,Completed
TXN-10801,ORD-50801,CUST-592,user_893@gmail.com,2026-07-25 17:57:09,PROD-8525,Sports,4.0,,PayPal,Pending
TXN-10802,ORD-50802,CUST-264,user_388@gmail.com,2026-07-28 15:29:24,PROD-7819,Apparel,7.0,354.41,Debit Card,Failed
TXN-10803,ORD-50803,CUST-215,user_587@outlook.com,2026-07-31 08:34:27,PROD-5229,Sports,5.0,380.76,Debit Card,Failed
TXN-10804,ORD-50804,CUST-799,user_659@yahoo.com,2026-07-25 17:00:00,PROD-5907,Books,4.0,408.87,Credit Card,Failed
TXN-10805,ORD-50805,CUST-542,user_458@gmail.com,2026-07-30 13:06:15,PROD-3589,Home & Kitchen,4.0,492.78,PayPal,Failed
TXN-10806,ORD-50806,CUST-751,user_709@company.org,2026-07-27 23:43:52,PROD-8083,Apparel,8.0,192.24,UPI,Completed
TXN-10807,ORD-50807,CUST-915,user_344@yahoo.com,2026-07-27 23:48:15,PROD-4213,Beauty,1.0,17.02,UPI,Completed
TXN-10808,ORD-50808,CUST-140,user_343@outlook.com,2026-07-28 22:31:01,PROD-8592,Books,0.0,422.39,Debit Card,Failed
TXN-10809,ORD-50809,CUST-992,user_183@gmail.com,2026-07-30 09:51:51,PROD-8149,Beauty,3.0,427.55,UPI,Completed
TXN-10810,ORD-50810,CUST-734,user_406@yahoo.com,2026-08-01 01:09:55,PROD-6252,Electronics,8.0,480.95,Credit Card,Pending
TXN-10811,ORD-50811,CUST-886,user_341@yahoo.com,2026-07-28 07:40:34,PROD-9661,Apparel,5.0,409.31,PayPal,Completed
TXN-10812,ORD-50812,CUST-838,user_560@yahoo.com,2026-07-29 20:33:52,PROD-1148,Sports,2.0,363.64,Credit Card,Completed
TXN-10813,ORD-50813,CUST-110,user_894gmail.com,2026-07-30 13:49:40,PROD-2557,Beauty,6.0,34.93,Debit Card,Pending
TXN-10814,ORD-50814,CUST-984,user_846@outlook.com,2026-07-25 17:21:10,PROD-2510,Sports,9.0,56.84,Debit Card,Completed
TXN-10815,ORD-50815,,user_130@yahoo.com,2026-07-30 16:43:45,PROD-4324,Sports,10.0,396.92,Credit Card,Failed
TXN-10816,ORD-50816,CUST-851,user_907@yahoo.com,2026-07-31 00:33:11,PROD-8892,Apparel,1.0,164.14,UPI,Completed
TXN-10817,ORD-50817,CUST-362,user_746@yahoo.com,2026-07-26 00:19:03,PROD-2211,Beauty,9.0,17.12,Credit Card,Pending
TXN-10818,ORD-50818,CUST-723,user_889@outlook.com,2026-07-27 19:40:08,PROD-2757,Home & Kitchen,6.0,424.86,UPI,Pending
TXN-10819,ORD-50819,CUST-929,user_278@gmail.com,2026-07-25 15:39:54,PROD-9796,Electronics,9.0,139.69,Debit Card,Completed
TXN-10820,ORD-50820,CUST-958,user_753@yahoo.com,2026-07-28 02:51:06,PROD-6218,Electronics,1.0,243.9,Credit Card,Failed
TXN-10821,ORD-50821,CUST-797,user_145@company.org,2026-07-27 18:08:08,PROD-5274,Books,1.0,448.37,Debit Card,Pending
TXN-10822,ORD-50822,CUST-460,user_898@gmail.com,2026-07-31 06:27:51,PROD-1069,Electronics,4.0,394.4,UPI,Failed
TXN-10823,ORD-50726,CUST-837,user_721@gmail.com,2026-07-29 06:35:27,PROD-8437,Books,9.0,264.02,Debit Card,Completed
TXN-10824,ORD-50824,CUST-729,user_239@yahoo.com,2026-07-25 17:31:17,PROD-3000,Electronics,4.0,121.47,UPI,Pending
TXN-10825,ORD-50825,CUST-667,user_674@gmail.com,2026-08-01 08:05:31,PROD-9915,Books,7.0,458.2,UPI,Pending
TXN-10826,ORD-50826,CUST-520,user_567@outlook.com,2026-07-27 10:37:38,PROD-2977,Apparel,2.0,34.28,Credit Card,Pending
TXN-10827,ORD-50827,CUST-690,user_749@gmail,2026-07-28 01:48:55,PROD-9579,Books,5.0,407.51,PayPal,Failed
TXN-10828,ORD-50828,CUST-608,user_569@gmail.com,2026-07-29 02:24:08,PROD-6004,Beauty,4.0,88.08,Debit Card,Failed
TXN-10829,ORD-50829,CUST-503,user_790@company.org,2026-07-25 22:45:36,PROD-7463,Home & Kitchen,4.0,393.02,Credit Card,Completed
TXN-10830,ORD-50830,CUST-733,user_949@company.org,2026-07-26 11:00:01,PROD-1697,Sports,4.0,145.56,Debit Card,Failed
TXN-10831,ORD-50831,CUST-769,user_642@company.org,2026-07-29 16:38:10,PROD-4944,Beauty,2.0,259.45,UPI,Failed
TXN-10832,ORD-50832,CUST-331,user_141@gmail.com,2026-07-28 17:54:20,PROD-7716,Sports,0.0,16.06,PayPal,Pending
TXN-10833,ORD-50833,CUST-599,user_468@yahoo.com,2026-07-27 06:40:01,PROD-4168,Beauty,7.0,127.16,UPI,Failed
TXN-10834,ORD-50599,CUST-698,user_198@yahoo.com,2026-07-26 07:06:13,PROD-7565,Sports,1.0,261.64,Debit Card,Failed
TXN-10835,ORD-50835,CUST-283,user_210@company.org,2026-07-27 08:54:58,PROD-4208,Home & Kitchen,6.0,0.0,PayPal,Completed
TXN-10836,ORD-50836,CUST-214,user_953@yahoo.com,2026-07-30 07:11:17,PROD-4331,Sports,1.0,208.55,Debit Card,Failed
TXN-10837,ORD-50837,CUST-821,user_132@yahoo.com,2026-07-29 07:29:22,PROD-2134,Books,,31.57,Debit Card,Pending
TXN-10838,ORD-50838,CUST-666,user_434@company.org,2026-07-29 02:21:24,PROD-4230,Beauty,6.0,283.69,Debit Card,Pending
TXN-10839,ORD-50839,CUST-165,user_325@gmail.com,2026-07-31 06:17:57,PROD-7508,Electronics,5.0,317.23,Credit Card,Completed
TXN-10840,ORD-50840,CUST-378,user_658@company.org,2026-07-25 18:43:01,PROD-6394,Apparel,1.0,317.75,UPI,Failed
TXN-10841,ORD-50841,CUST-193,user_583@outlook.com,2026-07-31 12:03:46,PROD-3709,Electronics,8.0,62.7,UPI,Completed
TXN-10842,ORD-50842,CUST-504,user_309@outlook.com,2026-07-25 10:19:36,PROD-3590,Books,0.0,252.14,PayPal,Failed
TXN-10843,ORD-50843,CUST-722,user_797@company.org,2026-07-27 13:22:25,PROD-7651,Home & Kitchen,9.0,162.84,Credit Card,Pending
TXN-10844,ORD-50844,CUST-377,user_476@company.org,2026-07-27 16:25:13,PROD-4147,Apparel,5.0,0.0,UPI,Failed
TXN-10845,ORD-50845,CUST-663,user_667@yahoo.com,2026-07-30 11:31:37,PROD-7910,Books,1.0,491.53,Credit Card,Pending
TXN-10846,ORD-50846,CUST-501,user_947@company.org,2026-07-27 02:53:12,PROD-7741,Beauty,5.0,291.64,UPI,Failed
TXN-10847,ORD-50847,,user_344@outlook.com,2026-07-30 08:04:07,PROD-3649,Apparel,6.0,236.8,PayPal,Failed
TXN-10848,ORD-50848,CUST-552,user_861@outlook.com,2026-07-31 10:36:35,PROD-1355,Home & Kitchen,3.0,197.06,PayPal,Pending
TXN-10849,ORD-50849,CUST-440,user_498@yahoo.com,2026-07-25 20:38:10,PROD-3111,Beauty,2.0,,Credit Card,Failed
TXN-10850,ORD-50850,CUST-328,user_580@outlook.com,2026-07-29 23:14:20,PROD-8712,Home & Kitchen,9.0,-83.46,Debit Card,Completed
TXN-10851,ORD-50851,CUST-357,user_749@company.org,2026-08-01 07:51:07,PROD-5735,Apparel,1.0,217.59,UPI,Failed
TXN-10852,ORD-50852,CUST-728,user_669@gmail.com,2026-08-01 09:12:07,PROD-5635,Apparel,6.0,180.87,Debit Card,Pending
TXN-10853,ORD-50853,CUST-788,user_180@yahoo.com,2026-07-30 12:45:12,PROD-7708,Home & Kitchen,3.0,463.97,PayPal,Pending
TXN-10854,ORD-50854,CUST-617,user_456@gmail.com,2026-07-30 08:58:40,PROD-9802,Electronics,5.0,463.27,PayPal,Failed
TXN-10855,ORD-50855,CUST-621,user_535@yahoo.com,2026-07-26 08:44:52,PROD-6235,Books,9.0,450.26,PayPal,Completed
TXN-10856,ORD-50856,CUST-403,user_364@outlook.com,2026-07-31 03:45:34,PROD-4534,Beauty,3.0,480.54,Credit Card,Pending
TXN-10857,ORD-50857,CUST-623,user_881@yahoo.com,2026-07-30 11:48:53,PROD-9463,Sports,4.0,244.47,PayPal,Failed
TXN-10858,ORD-50858,CUST-175,user_674@company.org,2026-07-31 22:00:57,PROD-6963,Sports,9.0,404.94,Credit Card,Completed
TXN-10859,ORD-50859,CUST-466,user_256@yahoo.com,2026-07-29 23:06:23,PROD-3403,Sports,,327.38,Credit Card,Failed
TXN-10860,ORD-50860,CUST-279,user_569@gmail.com,2026-08-01 02:01:28,PROD-2289,Sports,7.0,156.56,Debit Card,Completed
TXN-10861,ORD-50861,CUST-609,user_669@company.org,2026-07-28 09:13:56,PROD-8635,Sports,9.0,259.61,Debit Card,Completed
TXN-10862,ORD-50862,CUST-911,user_347@gmail.com,2026-07-26 03:41:59,PROD-9724,Home & Kitchen,2.0,238.65,Credit Card,Failed
TXN-10863,ORD-50863,CUST-543,user_235@company.org,2026-07-29 13:29:03,PROD-2905,Home & Kitchen,7.0,393.33,Credit Card,Pending
TXN-10864,ORD-50864,CUST-379,user_674@outlook.com,2026-07-28 00:27:04,PROD-8456,Apparel,1.0,114.02,Debit Card,Failed
TXN-10865,ORD-50865,CUST-998,user_692@gmail.com,2026-07-30 11:32:24,PROD-5516,Books,1.0,485.49,PayPal,Completed
TXN-10866,ORD-50866,CUST-733,user_322@yahoo.com,2026-07-28 07:08:00,PROD-1149,Electronics,1.0,311.95,PayPal,Pending
TXN-10867,ORD-50867,CUST-394,user_489@gmail,2026-07-26 15:24:26,PROD-4542,Electronics,8.0,487.6,PayPal,Completed
TXN-10868,ORD-50868,CUST-773,user_628@yahoo.com,2026-07-29 05:20:20,PROD-4937,Electronics,8.0,438.65,UPI,Failed
TXN-10869,ORD-50869,CUST-832,user_245@company.org,2026-07-26 22:11:20,PROD-6666,Books,3.0,98.88,PayPal,Pending
TXN-10870,ORD-50870,CUST-130,user_249@company.org,2026-07-31 23:30:20,PROD-1825,Books,8.0,287.22,Credit Card,Pending
TXN-10871,ORD-50046,CUST-175,user_322@outlook.com,2026-07-30 01:38:04,PROD-9238,Electronics,5.0,467.5,Debit Card,Completed
TXN-10872,ORD-50872,CUST-195,user_499@gmail.com,2026-07-28 18:23:13,PROD-9368,Electronics,6.0,395.7,UPI,Pending
TXN-10873,ORD-50873,CUST-587,user_680@company.org,2026-07-26 04:28:01,PROD-9665,Electronics,5.0,485.62,Debit Card,Pending
TXN-10874,ORD-50874,CUST-413,user_754@company.org,2026-07-26 17:27:16,PROD-1662,Sports,0.0,195.87,Credit Card,Failed
TXN-10875,ORD-50875,CUST-216,user_421@gmail.com,2026-07-27 10:09:59,PROD-4022,Electronics,8.0,417.01,UPI,Failed
TXN-10876,ORD-50876,CUST-636,user_420@outlook.com,2026-07-30 11:05:59,PROD-6066,Home & Kitchen,9.0,183.78,Debit Card,Pending
TXN-10877,ORD-50877,CUST-366,user_747@gmail.com,2026-07-31 13:10:08,PROD-3143,Sports,3.0,498.16,UPI,Failed
TXN-10878,ORD-50878,CUST-897,user_354@gmail.com,2026-07-31 01:55:05,PROD-9812,Sports,4.0,280.14,UPI,Pending
TXN-10879,ORD-50879,CUST-303,user_127@yahoo.com,2026-07-28 10:17:45,PROD-1062,Electronics,6.0,295.93,PayPal,Completed
TXN-10880,ORD-50880,CUST-819,user_813@gmail.com,2026-07-26 01:43:45,PROD-6575,Sports,-4.0,171.85,UPI,Completed
TXN-10881,ORD-50881,CUST-567,user_774@outlook.com,2027-05-12 16:25:04,PROD-3176,Beauty,4.0,229.44,UPI,Pending
TXN-10882,ORD-50882,CUST-164,user_451@gmail.com,2026-07-30 20:40:43,PROD-5333,Home & Kitchen,6.0,434.06,UPI,Pending
TXN-10883,ORD-50883,CUST-405,user_561@outlook.com,2026-07-29 10:18:53,PROD-8843,Home & Kitchen,7.0,259.03,Credit Card,Completed
TXN-10884,ORD-50884,CUST-530,user_700@gmail.com,2026-07-28 19:35:12,PROD-4427,Sports,9.0,75.83,PayPal,Failed
TXN-10885,ORD-50885,CUST-115,user_206@gmail.com,2026-07-26 12:04:21,PROD-2890,Books,4.0,202.92,Credit Card,Failed
TXN-10886,ORD-50886,CUST-811,user_775@gmail.com,2026-08-01 04:44:44,PROD-3379,Home & Kitchen,7.0,277.65,Debit Card,Failed
TXN-10887,ORD-50887,CUST-842,user_967@yahoo.com,2026-07-30 09:43:27,PROD-7742,Home & Kitchen,7.0,238.54,Credit Card,Completed
TXN-10888,ORD-50888,CUST-309,user_216@company.org,2026-07-26 18:36:33,PROD-3143,Apparel,7.0,181.62,Debit Card,Failed
TXN-10889,ORD-50889,,user_541@gmail.com,2026-07-28 10:05:32,PROD-6536,Beauty,9.0,427.13,UPI,Completed
TXN-10890,ORD-50890,CUST-706,user_239@yahoo.com,2026-07-29 23:22:15,PROD-9359,Home & Kitchen,1.0,478.31,PayPal,Pending
TXN-10891,ORD-50891,CUST-403,user_142@outlook.com,2026-07-29 19:12:10,PROD-3544,Home & Kitchen,8.0,348.03,PayPal,Completed
TXN-10892,ORD-50892,CUST-499,user_518@company.org,2026-07-29 03:41:07,PROD-5719,Sports,6.0,14.73,UPI,Pending
TXN-10893,ORD-50893,,user_740@company.org,2026-07-26 20:05:00,PROD-5580,Sports,4.0,281.12,Debit Card,Completed
TXN-10894,ORD-50894,CUST-236,user_471@outlook.com,2026-07-28 09:53:47,PROD-4182,Beauty,7.0,87.72,PayPal,Failed
TXN-10895,ORD-50895,CUST-557,user_963@company.org,2026-07-30 19:58:24,PROD-2208,Electronics,5.0,260.63,UPI,Failed
TXN-10896,ORD-50896,CUST-425,user_193@outlook.com,2026-07-26 10:56:00,PROD-3745,Home & Kitchen,9.0,384.22,PayPal,Completed
TXN-10897,ORD-50897,CUST-272,user_396@outlook.com,2026-08-01 00:24:50,PROD-9612,Books,2.0,267.18,Credit Card,Pending
TXN-10898,ORD-50898,CUST-583,user_617@gmail.com,2026-07-25 16:35:58,PROD-9178,Electronics,5.0,273.85,PayPal,Pending
TXN-10899,ORD-50899,CUST-953,user_152gmail.com,2026-07-28 12:11:13,PROD-7791,Electronics,10.0,405.86,PayPal,Completed
TXN-10900,ORD-50900,CUST-457,user_777@yahoo.com,2026-07-25 13:35:20,PROD-2816,Sports,10.0,81.41,Credit Card,Pending
TXN-10901,ORD-50901,CUST-431,user_755gmail.com,2026-07-28 11:09:04,PROD-3755,Electronics,7.0,203.64,PayPal,Failed
TXN-10902,ORD-50902,CUST-311,user_232@outlook.com,2026-07-27 17:24:09,PROD-4154,Beauty,2.0,74.99,Debit Card,Pending
TXN-10903,ORD-50903,CUST-113,user_424@yahoo.com,2026-07-29 04:41:25,PROD-5773,Sports,1.0,388.27,UPI,Failed
TXN-10904,ORD-50904,CUST-121,user_627@yahoo.com,2026-07-28 07:14:49,PROD-8366,Sports,3.0,193.32,Debit Card,Pending
TXN-10905,ORD-50905,CUST-405,user_637@gmail,2026-07-31 01:07:57,PROD-1953,Electronics,5.0,442.9,Debit Card,Pending
TXN-10906,ORD-50906,CUST-121,user_119@outlook.com,2026-07-26 07:33:48,PROD-6488,Sports,5.0,91.8,Debit Card,Pending
TXN-10907,ORD-50907,CUST-116,user_444@company.org,2026-07-26 11:44:04,PROD-5334,Beauty,3.0,486.56,Credit Card,Completed
TXN-10908,ORD-50908,CUST-668,user_261@gmail.com,2026-07-26 19:37:49,PROD-1875,Beauty,1.0,,PayPal,Completed
TXN-10909,ORD-50909,CUST-783,user_911@yahoo.com,2026-07-31 17:56:51,PROD-3444,Books,8.0,213.53,Credit Card,Failed
TXN-10910,ORD-50910,CUST-198,user_597@gmail.com,2026-07-27 03:46:42,PROD-2511,Beauty,5.0,462.23,Debit Card,Failed
TXN-10911,ORD-50911,CUST-801,user_120@company.org,2026-07-27 00:06:10,PROD-1912,Books,-3.0,19.44,PayPal,Completed
TXN-10912,ORD-50912,CUST-241,user_276@company.org,2026-07-26 02:15:14,PROD-4704,Sports,5.0,255.08,PayPal,Pending
TXN-10913,ORD-50913,CUST-597,user_202@company.org,2026-07-31 09:28:19,PROD-3352,Home & Kitchen,6.0,293.94,PayPal,Failed
TXN-10914,ORD-50914,CUST-182,user_760@yahoo.com,2026-07-29 14:26:55,PROD-5582,Beauty,2.0,211.22,PayPal,Failed
TXN-10915,ORD-50915,CUST-654,user_150@outlook.com,2026-07-26 23:30:22,PROD-9921,Home & Kitchen,5.0,448.93,UPI,Failed
TXN-10916,ORD-50916,CUST-882,user_724@company.org,2026-07-28 16:28:14,PROD-6055,Home & Kitchen,5.0,,PayPal,Completed
TXN-10917,ORD-50917,CUST-873,user_864@outlook.com,2026-07-31 18:49:48,PROD-6685,Books,4.0,-54.83,Debit Card,Failed
TXN-10918,ORD-50918,CUST-885,user_227@yahoo.com,2026-07-27 23:01:13,PROD-8610,Beauty,1.0,196.04,UPI,Failed
TXN-10919,ORD-50919,CUST-418,user_489@company.org,2026-07-27 18:40:38,PROD-5118,Books,7.0,181.98,PayPal,Pending
TXN-10920,ORD-50920,CUST-242,user_592@gmail.com,2026-07-31 19:01:58,PROD-2534,Books,10.0,444.26,Credit Card,Completed
TXN-10921,ORD-50921,CUST-346,user_742@outlook.com,2026-08-01 01:25:49,PROD-7955,Beauty,7.0,224.18,PayPal,Completed
TXN-10922,ORD-50922,,user_617@yahoo.com,2026-07-31 12:33:11,PROD-1461,Home & Kitchen,9.0,142.17,PayPal,Completed
TXN-10923,ORD-50923,CUST-721,user_330@outlook.com,2026-07-31 11:59:17,PROD-4613,Apparel,3.0,228.07,Credit Card,Failed
TXN-10924,ORD-50924,CUST-648,user_554@outlook.com,2026-07-29 20:15:32,PROD-1020,Sports,6.0,264.21,PayPal,Completed
TXN-10925,ORD-50925,CUST-862,user_646@outlook.com,2027-04-15 16:25:04,PROD-7238,Books,5.0,104.07,Debit Card,Failed
TXN-10926,ORD-50926,CUST-705,user_255@gmail,2026-07-29 19:42:26,PROD-7576,Apparel,10.0,169.23,PayPal,Failed
TXN-10927,ORD-50927,CUST-574,user_541@company.org,2026-07-30 04:32:59,PROD-3070,Beauty,,385.54,PayPal,Completed
TXN-10928,ORD-50928,CUST-159,user_946@yahoo.com,2026-07-28 10:56:27,PROD-6267,Sports,4.0,441.98,Debit Card,Pending
TXN-10929,ORD-50929,CUST-907,user_541@gmail.com,2026-07-27 06:53:57,PROD-3554,Apparel,1.0,9.98,UPI,Pending
TXN-10930,ORD-50930,CUST-273,user_605@yahoo.com,2026-07-29 05:09:01,PROD-1837,Sports,2.0,469.98,PayPal,Completed
TXN-10931,ORD-50931,CUST-130,user_264@company.org,2026-07-27 05:30:10,PROD-6710,Sports,7.0,268.75,Credit Card,Pending
TXN-10932,ORD-50932,CUST-605,user_335@yahoo.com,2026-07-29 06:47:44,PROD-3726,Sports,4.0,384.85,Credit Card,Completed
TXN-10933,ORD-50933,CUST-576,user_887@yahoo.com,2026-07-31 11:56:25,PROD-4484,Books,3.0,82.49,UPI,Completed
TXN-10934,ORD-50934,CUST-507,user_136@yahoo.com,2026-07-26 12:34:54,PROD-3903,Beauty,6.0,275.42,UPI,Failed
TXN-10935,ORD-50935,CUST-730,user_555@gmail.com,2026-07-26 19:48:49,PROD-1051,Apparel,1.0,134.86,Debit Card,Completed
TXN-10936,ORD-50936,CUST-423,user_490@outlook.com,2026-07-31 13:14:48,PROD-4566,Books,4.0,189.85,PayPal,Completed
TXN-10937,ORD-50937,CUST-515,user_113@gmail,2026-07-26 20:11:39,PROD-8597,Home & Kitchen,4.0,81.51,PayPal,Failed
TXN-10938,ORD-50938,CUST-518,user_167@company.org,2026-07-30 08:51:55,PROD-5050,Sports,4.0,162.07,Credit Card,Completed
TXN-10939,ORD-50939,CUST-494,user_590@gmail.com,2026-07-28 11:16:06,PROD-1617,Apparel,1.0,,UPI,Completed
TXN-10940,ORD-50940,CUST-601,user_405@company.org,2026-07-27 21:59:08,PROD-6433,Beauty,1.0,57.13,Credit Card,Pending
TXN-10941,ORD-50941,CUST-762,user_685@outlook.com,2026-07-29 18:12:50,PROD-3397,Home & Kitchen,9.0,419.03,PayPal,Failed
TXN-10942,ORD-50942,CUST-553,user_631@company.org,2026-07-29 02:37:22,PROD-4122,Apparel,5.0,322.08,PayPal,Failed
TXN-10943,ORD-50943,CUST-538,user_635@company.org,2026-07-29 15:21:45,PROD-3555,Home & Kitchen,4.0,279.02,Credit Card,Completed
TXN-10944,ORD-50944,CUST-124,user_539@gmail.com,2026-07-25 23:48:17,PROD-7700,Apparel,6.0,80.45,PayPal,Completed
TXN-10945,ORD-50945,CUST-350,user_764@company.org,2026-07-31 18:17:15,PROD-4303,Apparel,10.0,265.19,Credit Card,Pending
TXN-10946,ORD-50946,CUST-565,user_546@yahoo.com,2026-07-26 20:23:53,PROD-2610,Electronics,2.0,80.1,UPI,Pending
TXN-10947,ORD-50947,CUST-891,user_297@outlook.com,2026-08-01 03:45:09,PROD-6948,Electronics,4.0,186.75,UPI,Pending
TXN-10948,ORD-50948,CUST-967,user_532@yahoo.com,2026-07-30 09:53:11,PROD-9880,Beauty,2.0,14.08,UPI,Pending
TXN-10949,ORD-50949,CUST-140,user_679@company.org,2026-07-29 00:24:33,PROD-4360,Electronics,7.0,315.29,UPI,Completed
TXN-10950,ORD-50950,CUST-477,user_912@gmail.com,2026-07-29 13:56:24,PROD-4944,Electronics,7.0,104.44,PayPal,Completed
TXN-10951,ORD-50951,CUST-676,user_708@yahoo.com,2026-07-30 22:26:52,PROD-3700,Beauty,10.0,419.82,Credit Card,Pending
TXN-10952,ORD-50952,CUST-687,user_971@outlook.com,2026-07-28 23:08:34,PROD-2945,Home & Kitchen,7.0,,Credit Card,Pending
TXN-10953,ORD-50953,CUST-321,user_941@gmail.com,2026-07-29 05:35:50,PROD-7804,Books,9.0,457.31,Debit Card,Pending
TXN-10954,ORD-50954,CUST-182,user_540@outlook.com,2026-07-28 13:22:09,PROD-1290,Books,7.0,49.42,Credit Card,Failed
TXN-10955,ORD-50178,CUST-132,user_381@gmail.com,2026-07-28 03:07:44,PROD-6170,Apparel,10.0,439.19,PayPal,Failed
TXN-10956,ORD-50956,CUST-886,user_370@company.org,2026-07-31 17:03:03,PROD-7636,Sports,10.0,196.27,PayPal,Pending
TXN-10957,ORD-50957,CUST-237,user_426@outlook.com,2026-07-30 15:26:19,PROD-1517,Beauty,5.0,489.76,PayPal,Completed
TXN-10958,ORD-50958,CUST-545,user_811@company.org,2026-07-26 01:03:19,PROD-8601,Sports,5.0,146.08,PayPal,Completed
TXN-10959,ORD-50959,CUST-480,user_517@outlook.com,2026-07-29 00:19:04,PROD-5755,Apparel,3.0,160.23,Credit Card,Failed
TXN-10960,ORD-50960,CUST-208,user_728@gmail.com,2026-07-31 17:26:54,PROD-5040,Books,8.0,11.5,Debit Card,Pending
TXN-10961,ORD-50961,CUST-662,user_978@outlook.com,2026-08-01 08:26:17,PROD-8069,Sports,3.0,181.29,Debit Card,Pending
TXN-10962,ORD-50962,CUST-651,user_797gmail.com,2026-07-30 10:33:06,PROD-6664,Sports,2.0,309.9,PayPal,Completed
TXN-10963,ORD-50963,CUST-350,user_152@outlook.com,2026-07-28 00:02:29,PROD-5609,Home & Kitchen,2.0,126.36,Credit Card,Completed
TXN-10964,ORD-50964,CUST-269,user_900@yahoo.com,2026-07-31 21:53:14,PROD-7326,Electronics,7.0,31.62,Credit Card,Pending
TXN-10965,ORD-50965,CUST-522,user_725@gmail.com,2026-08-01 00:59:32,PROD-1425,Apparel,10.0,277.2,UPI,Failed
TXN-10966,ORD-50966,CUST-244,user_605@yahoo.com,2026-07-31 12:06:16,PROD-7121,Electronics,5.0,326.98,Credit Card,Failed
TXN-10967,ORD-50967,CUST-633,user_427@company.org,2026-07-30 05:29:18,PROD-9761,Electronics,7.0,39.14,Debit Card,Completed
TXN-10968,ORD-50968,CUST-165,user_642@gmail.com,2026-07-27 04:45:22,PROD-3266,Sports,2.0,326.95,Debit Card,Completed
TXN-10969,ORD-50969,CUST-988,user_975@gmail.com,2026-07-26 05:25:28,PROD-5179,Sports,3.0,154.81,UPI,Pending
TXN-10970,ORD-50970,CUST-514,user_233@yahoo.com,2026-07-29 10:03:38,PROD-5125,Beauty,0.0,287.84,UPI,Pending
TXN-10971,ORD-50971,CUST-841,user_193gmail.com,2026-07-31 01:02:28,PROD-9524,Home & Kitchen,7.0,409.54,Debit Card,Failed
TXN-10972,ORD-50972,CUST-923,user_745@gmail,2026-07-31 11:04:35,PROD-7893,Electronics,4.0,424.97,Credit Card,Failed
TXN-10973,ORD-50973,CUST-266,user_295@gmail.com,2026-08-01 09:18:13,PROD-8927,Home & Kitchen,5.0,347.17,Debit Card,Pending
TXN-10974,ORD-50974,CUST-473,user_732@gmail.com,2026-07-30 03:23:00,PROD-9326,Sports,4.0,13.96,Credit Card,Failed
TXN-10975,ORD-50975,CUST-223,user_430@gmail.com,2026-07-28 16:07:30,PROD-8501,Beauty,10.0,204.09,Debit Card,Failed
TXN-10976,ORD-50976,CUST-446,user_212@gmail.com,2026-07-30 10:01:59,PROD-9800,Home & Kitchen,6.0,393.98,PayPal,Completed
TXN-10977,ORD-50977,CUST-456,user_713@company.org,2026-07-30 04:19:11,PROD-1639,Sports,8.0,31.41,PayPal,Completed
TXN-10978,ORD-50978,CUST-951,user_873@outlook.com,2026-07-28 07:51:43,PROD-7768,Books,3.0,68.36,UPI,Completed
TXN-10979,ORD-50979,CUST-591,user_498@outlook.com,2026-07-26 23:00:20,PROD-3767,Beauty,6.0,62.55,PayPal,Failed
TXN-10980,ORD-50980,CUST-514,user_629@gmail.com,2026-07-30 07:18:35,PROD-5781,Electronics,,298.1,PayPal,Failed
TXN-10981,ORD-50981,,user_910@gmail.com,2026-07-29 21:46:01,PROD-9630,Sports,1.0,239.52,Debit Card,Pending
TXN-10982,ORD-50982,CUST-629,user_328@outlook.com,2026-07-25 13:20:38,PROD-3276,Beauty,4.0,148.44,Credit Card,Pending
TXN-10983,ORD-50983,CUST-343,user_674@outlook.com,2026-07-28 20:59:21,PROD-9168,Electronics,7.0,191.1,UPI,Failed
TXN-10984,ORD-50984,CUST-418,user_865@outlook.com,2026-07-26 18:38:51,PROD-9994,Electronics,2.0,152.4,PayPal,Pending
TXN-10985,ORD-50985,CUST-551,user_465@gmail.com,2026-07-28 12:57:43,PROD-6988,Electronics,6.0,272.78,Credit Card,Pending
TXN-10986,ORD-50986,CUST-637,user_192@gmail.com,2026-07-30 17:26:46,PROD-9773,Sports,7.0,209.98,Credit Card,Pending
TXN-10987,ORD-50987,CUST-235,user_394@gmail.com,2026-07-30 11:02:39,PROD-4039,Electronics,6.0,387.79,UPI,Pending
TXN-10988,ORD-50988,CUST-336,user_837@company.org,2026-07-27 17:17:18,PROD-4150,Home & Kitchen,3.0,169.41,Debit Card,Failed
TXN-10989,ORD-50989,CUST-264,user_593@outlook.com,2026-07-27 03:11:20,PROD-6582,Beauty,8.0,314.42,UPI,Failed
TXN-10990,ORD-50990,CUST-982,user_547@gmail.com,2026-07-30 16:00:39,PROD-2071,Electronics,4.0,176.58,PayPal,Failed
TXN-10991,ORD-50991,CUST-752,user_311@gmail.com,2026-07-25 10:55:11,PROD-5276,Books,9.0,352.69,Debit Card,Failed
TXN-10992,ORD-50992,CUST-109,user_578@gmail.com,2026-07-26 14:38:35,PROD-8311,Electronics,5.0,465.43,Debit Card,Pending
TXN-10993,ORD-50993,CUST-670,user_737@yahoo.com,2026-07-30 00:08:54,PROD-1099,Sports,3.0,15.72,UPI,Failed
TXN-10994,ORD-50994,CUST-345,user_707@gmail.com,2026-07-31 02:55:19,PROD-1053,Apparel,8.0,191.38,UPI,Failed
TXN-10995,ORD-50995,CUST-958,user_811@yahoo.com,2026-07-29 09:32:26,PROD-6738,Electronics,3.0,423.27,Credit Card,Completed
TXN-10996,ORD-50996,CUST-220,user_406@outlook.com,2026-07-31 08:41:26,PROD-2527,Books,,190.13,Debit Card,Pending
TXN-10997,ORD-50997,CUST-599,user_777@company.org,2026-07-25 21:00:49,PROD-8459,Beauty,3.0,203.72,Debit Card,Completed
TXN-10998,ORD-50998,CUST-889,user_200@company.org,2026-07-30 09:56:20,PROD-9614,Electronics,9.0,167.92,Debit Card,Pending
TXN-10999,ORD-50999,CUST-687,user_110@outlook.com,2026-07-27 12:18:23,PROD-9208,Beauty,4.0,373.03,UPI,Pending
TXN-11000,ORD-50734,CUST-684,user_146@yahoo.com,2026-07-31 17:37:06,PROD-8466,Books,1.0,479.75,UPI,Pending
